nomApplication;typeEnvironnement;nomEquipementVirtuel;nomSourceDonneeEquipementVirtuel;domaine;sousDomaine;nomEntite;nomSourceDonnee;nomEquipementPhysique;associeAvecUnEquipmentCloud
MobilierAPP;PROD;JCDDSI3;;Digital;Mobilier;Gestion Mobilier;;
Velo'v;PPR;JCDDSI4;;SI Velos;VLS;SI Velos;;
Velostan;PPR;JCDDSI4;;SI Velos;VLS;SI Velos;;
DublinBikes;PPR;JCDDSI4;;SI Velos;VLS;SI Velos;;
Velo'v;PROD;JCDDSI4;;SI Velos;VLS;SI Velos;;
Velostan;PROD;JCDDSI4;;SI Velos;VLS;SI Velos;;
DublinBikes;PROD;JCDDSI4;;SI Velos;VLS;SI Velos;;
PubAPP;PROD;JCDDSI4;;Digital;Publicite;Gestion Mobilier;;
VeloToulouse;PPR;JCDDSI5;;SI Velos;VLS;SI Velos;;
Sevici;PPR;JCDDSI5;;SI Velos;VLS;SI Velos;;
Villo!;PPR;JCDDSI5;;SI Velos;VLS;SI Velos;;
VeloToulouse;PROD;JCDDSI5;;SI Velos;VLS;SI Velos;;
Sevici;PROD;JCDDSI5;;SI Velos;VLS;SI Velos;;
Villo!;PROD;JCDDSI5;;SI Velos;VLS;SI Velos;;
Bicloo;PPR;JCDDSI6;;SI Velos;VLS;SI Velos;;
VeloH;PPR;JCDDSI6;;SI Velos;VLS;SI Velos;;
Toyama;PPR;JCDDSI6;;SI Velos;VLS;SI Velos;;
Bicloo;PROD;JCDDSI6;;SI Velos;VLS;SI Velos;;
VeloH;PROD;JCDDSI6;;SI Velos;VLS;SI Velos;;
Toyama;PROD;JCDDSI6;;SI Velos;VLS;SI Velos;;
