inventoryName;calculationDate;batchDate;batchName;acvStep;criteria;organizationName;dataSourceName;equipmentName;virtualEquipmentName;infrastructureType;provider;instanceType;entityName;source;indicatorStatus;trace;type;calculationVersion;unitImpact;unit;averagePowerConsumption;cluster;batchDateDiscriminator;organizationNameDiscriminator;entityNameDiscriminator;dataSourceNameDiscriminator;sipImpact
04-2025;2025-11-07 15:09:57.150;2025-11-07;8;FABRICATION;Climate change;1;;;JCDDSI1;CLOUD_SERVICES;azure;d2ads_v5;Digital;;OK;;;1.1;5.2;kgCO2eq;;;2025-11-07;1;Digital;;0.006108663729809104
04-2025;2025-11-07 15:09:57.150;2025-11-07;8;DISTRIBUTION;Climate change;1;;;JCDDSI1;CLOUD_SERVICES;azure;d2ads_v5;Digital;;ERROR;;;1.1;;;;;2025-11-07;1;Digital;;
04-2025;2025-11-07 15:09:57.150;2025-11-07;8;UTILISATION;Climate change;1;;;JCDDSI1;CLOUD_SERVICES;azure;d2ads_v5;Digital;;OK;;;1.1;8.0;kgCO2eq;;;2025-11-07;1;Digital;;0.009397944199706314
04-2025;2025-11-07 15:09:57.150;2025-11-07;8;FIN_DE_VIE;Climate change;1;;;JCDDSI1;CLOUD_SERVICES;azure;d2ads_v5;Digital;;ERROR;;;1.1;;;;;2025-11-07;1;Digital;;
04-2025;2025-11-07 15:09:57.150;2025-11-07;8;FABRICATION;Particulate matter and respiratory inorganics;1;;;JCDDSI1;CLOUD_SERVICES;azure;d2ads_v5;Digital;;OK;;;1.1;3.531E-7;Disease occurrence;;;2025-11-07;1;Digital;;0.005474418604651163
04-2025;2025-11-07 15:09:57.150;2025-11-07;8;DISTRIBUTION;Particulate matter and respiratory inorganics;1;;;JCDDSI1;CLOUD_SERVICES;azure;d2ads_v5;Digital;;ERROR;;;1.1;;;;;2025-11-07;1;Digital;;
04-2025;2025-11-07 15:09:57.150;2025-11-07;8;UTILISATION;Particulate matter and respiratory inorganics;1;;;JCDDSI1;CLOUD_SERVICES;azure;d2ads_v5;Digital;;OK;;;1.1;6.5E-7;Disease occurrence;;;2025-11-07;1;Digital;;0.010077519379844963
04-2025;2025-11-07 15:09:57.150;2025-11-07;8;FIN_DE_VIE;Particulate matter and respiratory inorganics;1;;;JCDDSI1;CLOUD_SERVICES;azure;d2ads_v5;Digital;;ERROR;;;1.1;;;;;2025-11-07;1;Digital;;
04-2025;2025-11-07 15:09:57.150;2025-11-07;8;FABRICATION;Ionising radiation;1;;;JCDDSI1;CLOUD_SERVICES;azure;d2ads_v5;Digital;;OK;;;1.1;7.25;kg U235 eq.;;;2025-11-07;1;Digital;;1.1005692599620493E-4
04-2025;2025-11-07 15:09:57.150;2025-11-07;8;DISTRIBUTION;Ionising radiation;1;;;JCDDSI1;CLOUD_SERVICES;azure;d2ads_v5;Digital;;ERROR;;;1.1;;;;;2025-11-07;1;Digital;;
04-2025;2025-11-07 15:09:57.150;2025-11-07;8;UTILISATION;Ionising radiation;1;;;JCDDSI1;CLOUD_SERVICES;azure;d2ads_v5;Digital;;OK;;;1.1;23.2;kg U235 eq.;;;2025-11-07;1;Digital;;3.521821631878558E-4
04-2025;2025-11-07 15:09:57.150;2025-11-07;8;FIN_DE_VIE;Ionising radiation;1;;;JCDDSI1;CLOUD_SERVICES;azure;d2ads_v5;Digital;;ERROR;;;1.1;;;;;2025-11-07;1;Digital;;
04-2025;2025-11-07 15:09:57.150;2025-11-07;8;FABRICATION;Acidification;1;;;JCDDSI1;CLOUD_SERVICES;azure;d2ads_v5;Digital;;OK;;;1.1;0.06156;mol H+ eq.;;;2025-11-07;1;Digital;;4.9248E-4
04-2025;2025-11-07 15:09:57.150;2025-11-07;8;DISTRIBUTION;Acidification;1;;;JCDDSI1;CLOUD_SERVICES;azure;d2ads_v5;Digital;;ERROR;;;1.1;;;;;2025-11-07;1;Digital;;
04-2025;2025-11-07 15:09:57.150;2025-11-07;8;UTILISATION;Acidification;1;;;JCDDSI1;CLOUD_SERVICES;azure;d2ads_v5;Digital;;OK;;;1.1;0.071;mol H+ eq.;;;2025-11-07;1;Digital;;5.679999999999999E-4
04-2025;2025-11-07 15:09:57.150;2025-11-07;8;FIN_DE_VIE;Acidification;1;;;JCDDSI1;CLOUD_SERVICES;azure;d2ads_v5;Digital;;ERROR;;;1.1;;;;;2025-11-07;1;Digital;;
04-2025;2025-11-07 15:09:57.150;2025-11-07;8;FABRICATION;Resource use (minerals and metals);1;;;JCDDSI1;CLOUD_SERVICES;azure;d2ads_v5;Digital;;OK;;;1.1;1.181E-4;kg SB eq.;;;2025-11-07;1;Digital;;0.004314155251141552
04-2025;2025-11-07 15:09:57.150;2025-11-07;8;DISTRIBUTION;Resource use (minerals and metals);1;;;JCDDSI1;CLOUD_SERVICES;azure;d2ads_v5;Digital;;ERROR;;;1.1;;;;;2025-11-07;1;Digital;;
04-2025;2025-11-07 15:09:57.150;2025-11-07;8;UTILISATION;Resource use (minerals and metals);1;;;JCDDSI1;CLOUD_SERVICES;azure;d2ads_v5;Digital;;OK;;;1.1;1.21E-6;kg SB eq.;;;2025-11-07;1;Digital;;4.420091324200913E-5
04-2025;2025-11-07 15:09:57.150;2025-11-07;8;FIN_DE_VIE;Resource use (minerals and metals);1;;;JCDDSI1;CLOUD_SERVICES;azure;d2ads_v5;Digital;;ERROR;;;1.1;;;;;2025-11-07;1;Digital;;
04-2025;2025-11-07 15:09:57.150;2025-11-07;8;FABRICATION;Climate change;1;;;JCDDSI2;CLOUD_SERVICES;azure;d48ads_v5;Digital;;OK;;;1.1;130.0;kgCO2eq;;;2025-11-07;1;Digital;;0.1527165932452276
04-2025;2025-11-07 15:09:57.150;2025-11-07;8;DISTRIBUTION;Climate change;1;;;JCDDSI2;CLOUD_SERVICES;azure;d48ads_v5;Digital;;ERROR;;;1.1;;;;;2025-11-07;1;Digital;;
04-2025;2025-11-07 15:09:57.150;2025-11-07;8;UTILISATION;Climate change;1;;;JCDDSI2;CLOUD_SERVICES;azure;d48ads_v5;Digital;;OK;;;1.1;300.0;kgCO2eq;;;2025-11-07;1;Digital;;0.3524229074889868
04-2025;2025-11-07 15:09:57.150;2025-11-07;8;FIN_DE_VIE;Climate change;1;;;JCDDSI2;CLOUD_SERVICES;azure;d48ads_v5;Digital;;ERROR;;;1.1;;;;;2025-11-07;1;Digital;;
04-2025;2025-11-07 15:09:57.150;2025-11-07;8;FABRICATION;Particulate matter and respiratory inorganics;1;;;JCDDSI2;CLOUD_SERVICES;azure;d48ads_v5;Digital;;OK;;;1.1;8.475E-6;Disease occurrence;;;2025-11-07;1;Digital;;0.1313953488372093
04-2025;2025-11-07 15:09:57.150;2025-11-07;8;DISTRIBUTION;Particulate matter and respiratory inorganics;1;;;JCDDSI2;CLOUD_SERVICES;azure;d48ads_v5;Digital;;ERROR;;;1.1;;;;;2025-11-07;1;Digital;;
04-2025;2025-11-07 15:09:57.150;2025-11-07;8;UTILISATION;Particulate matter and respiratory inorganics;1;;;JCDDSI2;CLOUD_SERVICES;azure;d48ads_v5;Digital;;OK;;;1.1;1.82E-5;Disease occurrence;;;2025-11-07;1;Digital;;0.28217054263565894
04-2025;2025-11-07 15:09:57.150;2025-11-07;8;FIN_DE_VIE;Particulate matter and respiratory inorganics;1;;;JCDDSI2;CLOUD_SERVICES;azure;d48ads_v5;Digital;;ERROR;;;1.1;;;;;2025-11-07;1;Digital;;
04-2025;2025-11-07 15:09:57.150;2025-11-07;8;FABRICATION;Ionising radiation;1;;;JCDDSI2;CLOUD_SERVICES;azure;d48ads_v5;Digital;;OK;;;1.1;174.0;kg U235 eq.;;;2025-11-07;1;Digital;;0.0026413662239089183
04-2025;2025-11-07 15:09:57.150;2025-11-07;8;DISTRIBUTION;Ionising radiation;1;;;JCDDSI2;CLOUD_SERVICES;azure;d48ads_v5;Digital;;ERROR;;;1.1;;;;;2025-11-07;1;Digital;;
04-2025;2025-11-07 15:09:57.150;2025-11-07;8;UTILISATION;Ionising radiation;1;;;JCDDSI2;CLOUD_SERVICES;azure;d48ads_v5;Digital;;OK;;;1.1;0.95;kg U235 eq.;;;2025-11-07;1;Digital;;1.4421252371916508E-5
04-2025;2025-11-07 15:09:57.150;2025-11-07;8;FIN_DE_VIE;Ionising radiation;1;;;JCDDSI2;CLOUD_SERVICES;azure;d48ads_v5;Digital;;ERROR;;;1.1;;;;;2025-11-07;1;Digital;;
04-2025;2025-11-07 15:09:57.150;2025-11-07;8;FABRICATION;Acidification;1;;;JCDDSI2;CLOUD_SERVICES;azure;d48ads_v5;Digital;;OK;;;1.1;1.478;mol H+ eq.;;;2025-11-07;1;Digital;;0.011824
04-2025;2025-11-07 15:09:57.150;2025-11-07;8;DISTRIBUTION;Acidification;1;;;JCDDSI2;CLOUD_SERVICES;azure;d48ads_v5;Digital;;ERROR;;;1.1;;;;;2025-11-07;1;Digital;;
04-2025;2025-11-07 15:09:57.150;2025-11-07;8;UTILISATION;Acidification;1;;;JCDDSI2;CLOUD_SERVICES;azure;d48ads_v5;Digital;;OK;;;1.1;0.91;mol H+ eq.;;;2025-11-07;1;Digital;;0.00728
04-2025;2025-11-07 15:09:57.150;2025-11-07;8;FIN_DE_VIE;Acidification;1;;;JCDDSI2;CLOUD_SERVICES;azure;d48ads_v5;Digital;;ERROR;;;1.1;;;;;2025-11-07;1;Digital;;
04-2025;2025-11-07 15:09:57.150;2025-11-07;8;FABRICATION;Resource use (minerals and metals);1;;;JCDDSI2;CLOUD_SERVICES;azure;d48ads_v5;Digital;;OK;;;1.1;0.002835;kg SB eq.;;;2025-11-07;1;Digital;;0.10356164383561643
04-2025;2025-11-07 15:09:57.150;2025-11-07;8;DISTRIBUTION;Resource use (minerals and metals);1;;;JCDDSI2;CLOUD_SERVICES;azure;d48ads_v5;Digital;;ERROR;;;1.1;;;;;2025-11-07;1;Digital;;
04-2025;2025-11-07 15:09:57.150;2025-11-07;8;UTILISATION;Resource use (minerals and metals);1;;;JCDDSI2;CLOUD_SERVICES;azure;d48ads_v5;Digital;;OK;;;1.1;1.71E-5;kg SB eq.;;;2025-11-07;1;Digital;;6.246575342465753E-4
04-2025;2025-11-07 15:09:57.150;2025-11-07;8;FIN_DE_VIE;Resource use (minerals and metals);1;;;JCDDSI2;CLOUD_SERVICES;azure;d48ads_v5;Digital;;ERROR;;;1.1;;;;;2025-11-07;1;Digital;;
04-2025;2025-11-07 15:09:57.150;2025-11-07;8;FABRICATION;Climate change;1;;;JCDDSI3;CLOUD_SERVICES;azure;d16ads_v5;Gestion Mobiliers;;OK;;;1.1;42.0;kgCO2eq;;;2025-11-07;1;Gestion Mobiliers;;0.04933920704845815
04-2025;2025-11-07 15:09:57.150;2025-11-07;8;DISTRIBUTION;Climate change;1;;;JCDDSI3;CLOUD_SERVICES;azure;d16ads_v5;Gestion Mobiliers;;ERROR;;;1.1;;;;;2025-11-07;1;Gestion Mobiliers;;
04-2025;2025-11-07 15:09:57.150;2025-11-07;8;UTILISATION;Climate change;1;;;JCDDSI3;CLOUD_SERVICES;azure;d16ads_v5;Gestion Mobiliers;;OK;;;1.1;117.0;kgCO2eq;;;2025-11-07;1;Gestion Mobiliers;;0.13744493392070484
04-2025;2025-11-07 15:09:57.150;2025-11-07;8;FIN_DE_VIE;Climate change;1;;;JCDDSI3;CLOUD_SERVICES;azure;d16ads_v5;Gestion Mobiliers;;ERROR;;;1.1;;;;;2025-11-07;1;Gestion Mobiliers;;
04-2025;2025-11-07 15:09:57.150;2025-11-07;8;FABRICATION;Particulate matter and respiratory inorganics;1;;;JCDDSI3;CLOUD_SERVICES;azure;d16ads_v5;Gestion Mobiliers;;OK;;;1.1;2.825E-6;Disease occurrence;;;2025-11-07;1;Gestion Mobiliers;;0.043798449612403104
04-2025;2025-11-07 15:09:57.150;2025-11-07;8;DISTRIBUTION;Particulate matter and respiratory inorganics;1;;;JCDDSI3;CLOUD_SERVICES;azure;d16ads_v5;Gestion Mobiliers;;ERROR;;;1.1;;;;;2025-11-07;1;Gestion Mobiliers;;
04-2025;2025-11-07 15:09:57.150;2025-11-07;8;UTILISATION;Particulate matter and respiratory inorganics;1;;;JCDDSI3;CLOUD_SERVICES;azure;d16ads_v5;Gestion Mobiliers;;OK;;;1.1;1.85E-6;Disease occurrence;;;2025-11-07;1;Gestion Mobiliers;;0.028682170542635662
04-2025;2025-11-07 15:09:57.150;2025-11-07;8;FIN_DE_VIE;Particulate matter and respiratory inorganics;1;;;JCDDSI3;CLOUD_SERVICES;azure;d16ads_v5;Gestion Mobiliers;;ERROR;;;1.1;;;;;2025-11-07;1;Gestion Mobiliers;;
04-2025;2025-11-07 15:09:57.150;2025-11-07;8;FABRICATION;Ionising radiation;1;;;JCDDSI3;CLOUD_SERVICES;azure;d16ads_v5;Gestion Mobiliers;;OK;;;1.1;58.0;kg U235 eq.;;;2025-11-07;1;Gestion Mobiliers;;8.804554079696394E-4
04-2025;2025-11-07 15:09:57.150;2025-11-07;8;DISTRIBUTION;Ionising radiation;1;;;JCDDSI3;CLOUD_SERVICES;azure;d16ads_v5;Gestion Mobiliers;;ERROR;;;1.1;;;;;2025-11-07;1;Gestion Mobiliers;;
04-2025;2025-11-07 15:09:57.150;2025-11-07;8;UTILISATION;Ionising radiation;1;;;JCDDSI3;CLOUD_SERVICES;azure;d16ads_v5;Gestion Mobiliers;;OK;;;1.1;41.0;kg U235 eq.;;;2025-11-07;1;Gestion Mobiliers;;6.223908918406072E-4
04-2025;2025-11-07 15:09:57.150;2025-11-07;8;FIN_DE_VIE;Ionising radiation;1;;;JCDDSI3;CLOUD_SERVICES;azure;d16ads_v5;Gestion Mobiliers;;ERROR;;;1.1;;;;;2025-11-07;1;Gestion Mobiliers;;
04-2025;2025-11-07 15:09:57.150;2025-11-07;8;FABRICATION;Acidification;1;;;JCDDSI3;CLOUD_SERVICES;azure;d16ads_v5;Gestion Mobiliers;;OK;;;1.1;0.4925;mol H+ eq.;;;2025-11-07;1;Gestion Mobiliers;;0.00394
04-2025;2025-11-07 15:09:57.150;2025-11-07;8;DISTRIBUTION;Acidification;1;;;JCDDSI3;CLOUD_SERVICES;azure;d16ads_v5;Gestion Mobiliers;;ERROR;;;1.1;;;;;2025-11-07;1;Gestion Mobiliers;;
04-2025;2025-11-07 15:09:57.150;2025-11-07;8;UTILISATION;Acidification;1;;;JCDDSI3;CLOUD_SERVICES;azure;d16ads_v5;Gestion Mobiliers;;OK;;;1.1;0.276;mol H+ eq.;;;2025-11-07;1;Gestion Mobiliers;;0.0022080000000000003
04-2025;2025-11-07 15:09:57.150;2025-11-07;8;FIN_DE_VIE;Acidification;1;;;JCDDSI3;CLOUD_SERVICES;azure;d16ads_v5;Gestion Mobiliers;;ERROR;;;1.1;;;;;2025-11-07;1;Gestion Mobiliers;;
04-2025;2025-11-07 15:09:57.150;2025-11-07;8;FABRICATION;Resource use (minerals and metals);1;;;JCDDSI3;CLOUD_SERVICES;azure;d16ads_v5;Gestion Mobiliers;;OK;;;1.1;9.45E-4;kg SB eq.;;;2025-11-07;1;Gestion Mobiliers;;0.03452054794520548
04-2025;2025-11-07 15:09:57.150;2025-11-07;8;DISTRIBUTION;Resource use (minerals and metals);1;;;JCDDSI3;CLOUD_SERVICES;azure;d16ads_v5;Gestion Mobiliers;;ERROR;;;1.1;;;;;2025-11-07;1;Gestion Mobiliers;;
04-2025;2025-11-07 15:09:57.150;2025-11-07;8;UTILISATION;Resource use (minerals and metals);1;;;JCDDSI3;CLOUD_SERVICES;azure;d16ads_v5;Gestion Mobiliers;;OK;;;1.1;8.6E-6;kg SB eq.;;;2025-11-07;1;Gestion Mobiliers;;3.1415525114155253E-4
04-2025;2025-11-07 15:09:57.150;2025-11-07;8;FIN_DE_VIE;Resource use (minerals and metals);1;;;JCDDSI3;CLOUD_SERVICES;azure;d16ads_v5;Gestion Mobiliers;;ERROR;;;1.1;;;;;2025-11-07;1;Gestion Mobiliers;;
04-2025;2025-11-07 15:09:57.150;2025-11-07;8;FABRICATION;Climate change;1;;;JCDDSI4;CLOUD_SERVICES;aws;c1.medium;Gestion Mobiliers;;OK;;;1.1;9.0;kgCO2eq;;;2025-11-07;1;Gestion Mobiliers;;0.010572687224669603
04-2025;2025-11-07 15:09:57.150;2025-11-07;8;DISTRIBUTION;Climate change;1;;;JCDDSI4;CLOUD_SERVICES;aws;c1.medium;Gestion Mobiliers;;ERROR;;;1.1;;;;;2025-11-07;1;Gestion Mobiliers;;
04-2025;2025-11-07 15:09:57.150;2025-11-07;8;UTILISATION;Climate change;1;;;JCDDSI4;CLOUD_SERVICES;aws;c1.medium;Gestion Mobiliers;;OK;;;1.1;4.3;kgCO2eq;;;2025-11-07;1;Gestion Mobiliers;;0.005051395007342144
04-2025;2025-11-07 15:09:57.150;2025-11-07;8;FIN_DE_VIE;Climate change;1;;;JCDDSI4;CLOUD_SERVICES;aws;c1.medium;Gestion Mobiliers;;ERROR;;;1.1;;;;;2025-11-07;1;Gestion Mobiliers;;
04-2025;2025-11-07 15:09:57.150;2025-11-07;8;FABRICATION;Particulate matter and respiratory inorganics;1;;;JCDDSI4;CLOUD_SERVICES;aws;c1.medium;Gestion Mobiliers;;OK;;;1.1;9.417E-7;Disease occurrence;;;2025-11-07;1;Gestion Mobiliers;;0.014600000000000002
04-2025;2025-11-07 15:09:57.150;2025-11-07;8;DISTRIBUTION;Particulate matter and respiratory inorganics;1;;;JCDDSI4;CLOUD_SERVICES;aws;c1.medium;Gestion Mobiliers;;ERROR;;;1.1;;;;;2025-11-07;1;Gestion Mobiliers;;
04-2025;2025-11-07 15:09:57.150;2025-11-07;8;UTILISATION;Particulate matter and respiratory inorganics;1;;;JCDDSI4;CLOUD_SERVICES;aws;c1.medium;Gestion Mobiliers;;OK;;;1.1;3.5E-7;Disease occurrence;;;2025-11-07;1;Gestion Mobiliers;;0.005426356589147287
04-2025;2025-11-07 15:09:57.150;2025-11-07;8;FIN_DE_VIE;Particulate matter and respiratory inorganics;1;;;JCDDSI4;CLOUD_SERVICES;aws;c1.medium;Gestion Mobiliers;;ERROR;;;1.1;;;;;2025-11-07;1;Gestion Mobiliers;;
04-2025;2025-11-07 15:09:57.150;2025-11-07;8;FABRICATION;Ionising radiation;1;;;JCDDSI4;CLOUD_SERVICES;aws;c1.medium;Gestion Mobiliers;;OK;;;1.1;19.33;kg U235 eq.;;;2025-11-07;1;Gestion Mobiliers;;2.934345351043643E-4
04-2025;2025-11-07 15:09:57.150;2025-11-07;8;DISTRIBUTION;Ionising radiation;1;;;JCDDSI4;CLOUD_SERVICES;aws;c1.medium;Gestion Mobiliers;;ERROR;;;1.1;;;;;2025-11-07;1;Gestion Mobiliers;;
04-2025;2025-11-07 15:09:57.150;2025-11-07;8;UTILISATION;Ionising radiation;1;;;JCDDSI4;CLOUD_SERVICES;aws;c1.medium;Gestion Mobiliers;;OK;;;1.1;12.5;kg U235 eq.;;;2025-11-07;1;Gestion Mobiliers;;1.8975332068311195E-4
04-2025;2025-11-07 15:09:57.150;2025-11-07;8;FIN_DE_VIE;Ionising radiation;1;;;JCDDSI4;CLOUD_SERVICES;aws;c1.medium;Gestion Mobiliers;;ERROR;;;1.1;;;;;2025-11-07;1;Gestion Mobiliers;;
04-2025;2025-11-07 15:09:57.150;2025-11-07;8;FABRICATION;Acidification;1;;;JCDDSI4;CLOUD_SERVICES;aws;c1.medium;Gestion Mobiliers;;OK;;;1.1;0.1642;mol H+ eq.;;;2025-11-07;1;Gestion Mobiliers;;0.0013136
04-2025;2025-11-07 15:09:57.150;2025-11-07;8;DISTRIBUTION;Acidification;1;;;JCDDSI4;CLOUD_SERVICES;aws;c1.medium;Gestion Mobiliers;;ERROR;;;1.1;;;;;2025-11-07;1;Gestion Mobiliers;;
04-2025;2025-11-07 15:09:57.150;2025-11-07;8;UTILISATION;Acidification;1;;;JCDDSI4;CLOUD_SERVICES;aws;c1.medium;Gestion Mobiliers;;OK;;;1.1;0.038;mol H+ eq.;;;2025-11-07;1;Gestion Mobiliers;;3.04E-4
04-2025;2025-11-07 15:09:57.150;2025-11-07;8;FIN_DE_VIE;Acidification;1;;;JCDDSI4;CLOUD_SERVICES;aws;c1.medium;Gestion Mobiliers;;ERROR;;;1.1;;;;;2025-11-07;1;Gestion Mobiliers;;
04-2025;2025-11-07 15:09:57.150;2025-11-07;8;FABRICATION;Resource use (minerals and metals);1;;;JCDDSI4;CLOUD_SERVICES;aws;c1.medium;Gestion Mobiliers;;OK;;;1.1;3.15E-4;kg SB eq.;;;2025-11-07;1;Gestion Mobiliers;;0.011506849315068493
04-2025;2025-11-07 15:09:57.150;2025-11-07;8;DISTRIBUTION;Resource use (minerals and metals);1;;;JCDDSI4;CLOUD_SERVICES;aws;c1.medium;Gestion Mobiliers;;ERROR;;;1.1;;;;;2025-11-07;1;Gestion Mobiliers;;
04-2025;2025-11-07 15:09:57.150;2025-11-07;8;UTILISATION;Resource use (minerals and metals);1;;;JCDDSI4;CLOUD_SERVICES;aws;c1.medium;Gestion Mobiliers;;OK;;;1.1;6.5E-7;kg SB eq.;;;2025-11-07;1;Gestion Mobiliers;;2.3744292237442922E-5
04-2025;2025-11-07 15:09:57.150;2025-11-07;8;FIN_DE_VIE;Resource use (minerals and metals);1;;;JCDDSI4;CLOUD_SERVICES;aws;c1.medium;Gestion Mobiliers;;ERROR;;;1.1;;;;;2025-11-07;1;Gestion Mobiliers;;
04-2025;2025-11-07 15:09:57.150;2025-11-07;8;FABRICATION;Climate change;1;;;JCDDSI5;CLOUD_SERVICES;aws;c1.xlarge;SI Velo;;OK;;;1.1;38.0;kgCO2eq;;;2025-11-07;1;SI Velo;;0.044640234948604994
04-2025;2025-11-07 15:09:57.150;2025-11-07;8;DISTRIBUTION;Climate change;1;;;JCDDSI5;CLOUD_SERVICES;aws;c1.xlarge;SI Velo;;ERROR;;;1.1;;;;;2025-11-07;1;SI Velo;;
04-2025;2025-11-07 15:09:57.150;2025-11-07;8;UTILISATION;Climate change;1;;;JCDDSI5;CLOUD_SERVICES;aws;c1.xlarge;SI Velo;;OK;;;1.1;25.8;kgCO2eq;;;2025-11-07;1;SI Velo;;0.030308370044052863
04-2025;2025-11-07 15:09:57.150;2025-11-07;8;FIN_DE_VIE;Climate change;1;;;JCDDSI5;CLOUD_SERVICES;aws;c1.xlarge;SI Velo;;ERROR;;;1.1;;;;;2025-11-07;1;SI Velo;;
04-2025;2025-11-07 15:09:57.150;2025-11-07;8;FABRICATION;Particulate matter and respiratory inorganics;1;;;JCDDSI5;CLOUD_SERVICES;aws;c1.xlarge;SI Velo;;OK;;;1.1;3.767E-6;Disease occurrence;;;2025-11-07;1;SI Velo;;0.058403100775193804
04-2025;2025-11-07 15:09:57.150;2025-11-07;8;DISTRIBUTION;Particulate matter and respiratory inorganics;1;;;JCDDSI5;CLOUD_SERVICES;aws;c1.xlarge;SI Velo;;ERROR;;;1.1;;;;;2025-11-07;1;SI Velo;;
04-2025;2025-11-07 15:09:57.150;2025-11-07;8;UTILISATION;Particulate matter and respiratory inorganics;1;;;JCDDSI5;CLOUD_SERVICES;aws;c1.xlarge;SI Velo;;OK;;;1.1;1.56E-6;Disease occurrence;;;2025-11-07;1;SI Velo;;0.02418604651162791
04-2025;2025-11-07 15:09:57.150;2025-11-07;8;FIN_DE_VIE;Particulate matter and respiratory inorganics;1;;;JCDDSI5;CLOUD_SERVICES;aws;c1.xlarge;SI Velo;;ERROR;;;1.1;;;;;2025-11-07;1;SI Velo;;
04-2025;2025-11-07 15:09:57.150;2025-11-07;8;FABRICATION;Ionising radiation;1;;;JCDDSI5;CLOUD_SERVICES;aws;c1.xlarge;SI Velo;;OK;;;1.1;77.33;kg U235 eq.;;;2025-11-07;1;SI Velo;;0.0011738899430740037
04-2025;2025-11-07 15:09:57.150;2025-11-07;8;DISTRIBUTION;Ionising radiation;1;;;JCDDSI5;CLOUD_SERVICES;aws;c1.xlarge;SI Velo;;ERROR;;;1.1;;;;;2025-11-07;1;SI Velo;;
04-2025;2025-11-07 15:09:57.150;2025-11-07;8;UTILISATION;Ionising radiation;1;;;JCDDSI5;CLOUD_SERVICES;aws;c1.xlarge;SI Velo;;OK;;;1.1;0.082;kg U235 eq.;;;2025-11-07;1;SI Velo;;1.2447817836812144E-6
04-2025;2025-11-07 15:09:57.150;2025-11-07;8;FIN_DE_VIE;Ionising radiation;1;;;JCDDSI5;CLOUD_SERVICES;aws;c1.xlarge;SI Velo;;ERROR;;;1.1;;;;;2025-11-07;1;SI Velo;;
04-2025;2025-11-07 15:09:57.150;2025-11-07;8;FABRICATION;Acidification;1;;;JCDDSI5;CLOUD_SERVICES;aws;c1.xlarge;SI Velo;;OK;;;1.1;0.6567;mol H+ eq.;;;2025-11-07;1;SI Velo;;0.0052536
04-2025;2025-11-07 15:09:57.150;2025-11-07;8;DISTRIBUTION;Acidification;1;;;JCDDSI5;CLOUD_SERVICES;aws;c1.xlarge;SI Velo;;ERROR;;;1.1;;;;;2025-11-07;1;SI Velo;;
04-2025;2025-11-07 15:09:57.150;2025-11-07;8;UTILISATION;Acidification;1;;;JCDDSI5;CLOUD_SERVICES;aws;c1.xlarge;SI Velo;;OK;;;1.1;0.078;mol H+ eq.;;;2025-11-07;1;SI Velo;;6.24E-4
04-2025;2025-11-07 15:09:57.150;2025-11-07;8;FIN_DE_VIE;Acidification;1;;;JCDDSI5;CLOUD_SERVICES;aws;c1.xlarge;SI Velo;;ERROR;;;1.1;;;;;2025-11-07;1;SI Velo;;
04-2025;2025-11-07 15:09:57.150;2025-11-07;8;FABRICATION;Resource use (minerals and metals);1;;;JCDDSI5;CLOUD_SERVICES;aws;c1.xlarge;SI Velo;;OK;;;1.1;0.00126;kg SB eq.;;;2025-11-07;1;SI Velo;;0.046027397260273974
04-2025;2025-11-07 15:09:57.150;2025-11-07;8;DISTRIBUTION;Resource use (minerals and metals);1;;;JCDDSI5;CLOUD_SERVICES;aws;c1.xlarge;SI Velo;;ERROR;;;1.1;;;;;2025-11-07;1;SI Velo;;
04-2025;2025-11-07 15:09:57.150;2025-11-07;8;UTILISATION;Resource use (minerals and metals);1;;;JCDDSI5;CLOUD_SERVICES;aws;c1.xlarge;SI Velo;;OK;;;1.1;1.47E-6;kg SB eq.;;;2025-11-07;1;SI Velo;;5.36986301369863E-5
04-2025;2025-11-07 15:09:57.150;2025-11-07;8;FIN_DE_VIE;Resource use (minerals and metals);1;;;JCDDSI5;CLOUD_SERVICES;aws;c1.xlarge;SI Velo;;ERROR;;;1.1;;;;;2025-11-07;1;SI Velo;;
04-2025;2025-11-07 15:09:57.150;2025-11-07;8;FABRICATION;Climate change;1;;;JCDDSI6;CLOUD_SERVICES;aws;c3.large;SI Velo;;OK;;;1.1;7.7;kgCO2eq;;;2025-11-07;1;SI Velo;;0.009045521292217328
04-2025;2025-11-07 15:09:57.150;2025-11-07;8;DISTRIBUTION;Climate change;1;;;JCDDSI6;CLOUD_SERVICES;aws;c3.large;SI Velo;;ERROR;;;1.1;;;;;2025-11-07;1;SI Velo;;
04-2025;2025-11-07 15:09:57.150;2025-11-07;8;UTILISATION;Climate change;1;;;JCDDSI6;CLOUD_SERVICES;aws;c3.large;SI Velo;;OK;;;1.1;12.8;kgCO2eq;;;2025-11-07;1;SI Velo;;0.015036710719530104
04-2025;2025-11-07 15:09:57.150;2025-11-07;8;FIN_DE_VIE;Climate change;1;;;JCDDSI6;CLOUD_SERVICES;aws;c3.large;SI Velo;;ERROR;;;1.1;;;;;2025-11-07;1;SI Velo;;
04-2025;2025-11-07 15:09:57.150;2025-11-07;8;FABRICATION;Particulate matter and respiratory inorganics;1;;;JCDDSI6;CLOUD_SERVICES;aws;c3.large;SI Velo;;OK;;;1.1;1.13E-6;Disease occurrence;;;2025-11-07;1;SI Velo;;0.01751937984496124
04-2025;2025-11-07 15:09:57.150;2025-11-07;8;DISTRIBUTION;Particulate matter and respiratory inorganics;1;;;JCDDSI6;CLOUD_SERVICES;aws;c3.large;SI Velo;;ERROR;;;1.1;;;;;2025-11-07;1;SI Velo;;
04-2025;2025-11-07 15:09:57.150;2025-11-07;8;UTILISATION;Particulate matter and respiratory inorganics;1;;;JCDDSI6;CLOUD_SERVICES;aws;c3.large;SI Velo;;OK;;;1.1;2.01E-7;Disease occurrence;;;2025-11-07;1;SI Velo;;0.0031162790697674423
04-2025;2025-11-07 15:09:57.150;2025-11-07;8;FIN_DE_VIE;Particulate matter and respiratory inorganics;1;;;JCDDSI6;CLOUD_SERVICES;aws;c3.large;SI Velo;;ERROR;;;1.1;;;;;2025-11-07;1;SI Velo;;
04-2025;2025-11-07 15:09:57.150;2025-11-07;8;FABRICATION;Ionising radiation;1;;;JCDDSI6;CLOUD_SERVICES;aws;c3.large;SI Velo;;OK;;;1.1;23.200000000000003;kg U235 eq.;;;2025-11-07;1;SI Velo;;3.5218216318785584E-4
04-2025;2025-11-07 15:09:57.150;2025-11-07;8;DISTRIBUTION;Ionising radiation;1;;;JCDDSI6;CLOUD_SERVICES;aws;c3.large;SI Velo;;ERROR;;;1.1;;;;;2025-11-07;1;SI Velo;;
04-2025;2025-11-07 15:09:57.150;2025-11-07;8;UTILISATION;Ionising radiation;1;;;JCDDSI6;CLOUD_SERVICES;aws;c3.large;SI Velo;;OK;;;1.1;4.5;kg U235 eq.;;;2025-11-07;1;SI Velo;;6.83111954459203E-5
04-2025;2025-11-07 15:09:57.150;2025-11-07;8;FIN_DE_VIE;Ionising radiation;1;;;JCDDSI6;CLOUD_SERVICES;aws;c3.large;SI Velo;;ERROR;;;1.1;;;;;2025-11-07;1;SI Velo;;
04-2025;2025-11-07 15:09:57.150;2025-11-07;8;FABRICATION;Acidification;1;;;JCDDSI6;CLOUD_SERVICES;aws;c3.large;SI Velo;;OK;;;1.1;0.197;mol H+ eq.;;;2025-11-07;1;SI Velo;;0.0015760000000000001
04-2025;2025-11-07 15:09:57.150;2025-11-07;8;DISTRIBUTION;Acidification;1;;;JCDDSI6;CLOUD_SERVICES;aws;c3.large;SI Velo;;ERROR;;;1.1;;;;;2025-11-07;1;SI Velo;;
04-2025;2025-11-07 15:09:57.150;2025-11-07;8;UTILISATION;Acidification;1;;;JCDDSI6;CLOUD_SERVICES;aws;c3.large;SI Velo;;OK;;;1.1;0.03;mol H+ eq.;;;2025-11-07;1;SI Velo;;2.3999999999999998E-4
04-2025;2025-11-07 15:09:57.150;2025-11-07;8;FIN_DE_VIE;Acidification;1;;;JCDDSI6;CLOUD_SERVICES;aws;c3.large;SI Velo;;ERROR;;;1.1;;;;;2025-11-07;1;SI Velo;;
04-2025;2025-11-07 15:09:57.150;2025-11-07;8;FABRICATION;Resource use (minerals and metals);1;;;JCDDSI6;CLOUD_SERVICES;aws;c3.large;SI Velo;;OK;;;1.1;3.78E-4;kg SB eq.;;;2025-11-07;1;SI Velo;;0.013808219178082193
04-2025;2025-11-07 15:09:57.150;2025-11-07;8;DISTRIBUTION;Resource use (minerals and metals);1;;;JCDDSI6;CLOUD_SERVICES;aws;c3.large;SI Velo;;ERROR;;;1.1;;;;;2025-11-07;1;SI Velo;;
04-2025;2025-11-07 15:09:57.150;2025-11-07;8;UTILISATION;Resource use (minerals and metals);1;;;JCDDSI6;CLOUD_SERVICES;aws;c3.large;SI Velo;;OK;;;1.1;9.3E-7;kg SB eq.;;;2025-11-07;1;SI Velo;;3.397260273972603E-5
04-2025;2025-11-07 15:09:57.150;2025-11-07;8;FIN_DE_VIE;Resource use (minerals and metals);1;;;JCDDSI6;CLOUD_SERVICES;aws;c3.large;SI Velo;;ERROR;;;1.1;;;;;2025-11-07;1;SI Velo;;
