nomEquipementVirtuel;typeInfrastructure;quantite;provider;typeInstance;location;chargeMoy;dureeUtilisationAnnuelle;nomEquipementPhysique;nomSourceDonneeEquipementPhysique;vCPU;nomEntite;cluster;consoElecAn;typeEqv;cleRepartition;nomSourceDonnee;capaciteStockage
JCDDSI1;CLOUD_SERVICES;10.0;azure;d2ads_v5;United Kingdom;0.008;8760.0;;;;Digital;;;;;;
JCDDSI2;CLOUD_SERVICES;20.0;azure;d48ads_v5;Ireland;0.008;8760.0;;;;Digital;;;;;;
JCDDSI3;CLOUD_SERVICES;100.0;azure;d16ads_v5;Netherlands;0.008;8760.0;;;;Gestion Mobiliers;;;;;;
JCDDSI4;CLOUD_SERVICES;10.0;aws;c1.medium;United Kingdom;0.008;8760.0;;;;Gestion Mobiliers;;;;;;
JCDDSI5;CLOUD_SERVICES;1000.0;aws;c1.xlarge;Ireland;0.092;8760.0;;;;SI Velo;;;;;;
JCDDSI6;CLOUD_SERVICES;1000.0;aws;c3.large;Netherlands;0.092;8760.0;;;;SI Velo;;;;;;
