digitalServiceName;calculationDate;batchDate;batchName;acvStep;criteria;source;indicatorStatus;trace;calculationVersion;averagePowerConsumption;unitImpact;quantity;physicalEquipmentStatus;equipmentType;unit;entityName;organizationName;dataSourceName;equipmentName;entityNameDiscriminator;batchDateDiscriminator;organizationNameDiscriminator;dataSourceNameDiscriminator;sipImpact;dureeUtilisation
Digital Service 3;2025-12-15 09:44:29.109;2025-12-15;9;FABRICATION;Climate change;;OK;"{""formule"":""ImpactEquipementPhysique = (Quantité(0.0028538812785388126) * referentielFacteurCaracterisation(253.426324830859) * TauxUtilisation(1.0)) / dureeVie(5.0)"",""dureeDeVie"":{""valeurRetenue"":5.0,""methodeDureeUsage"":""REEL"",""dureeUsageAmont"":0.0,""dureeUsageAval"":0.0,""dateAchat"":""2020-01-01"",""dateRetrait"":""2024-12-30""},""ReferentielFacteurCaracterisation"":{""valeur"":253.426324830859,""source"":""Fake data for tests"",""impact source"":""MODELE""}}";1.0;;0.14464972878473686;0.0028538812785388126;;Terminal;kg CO2 eq;;1;;Terminal 1;;9;1;;1.6992625995270117E-4;5.0
Digital Service 3;2025-12-15 09:44:29.109;2025-12-15;9;FABRICATION;Particulate matter and respiratory inorganics;;OK;"{""formule"":""ImpactEquipementPhysique = (Quantité(0.0028538812785388126) * referentielFacteurCaracterisation(1.18708014804E-5) * TauxUtilisation(1.0)) / dureeVie(5.0)"",""dureeDeVie"":{""valeurRetenue"":5.0,""methodeDureeUsage"":""REEL"",""dureeUsageAmont"":0.0,""dureeUsageAval"":0.0,""dateAchat"":""2020-01-01"",""dateRetrait"":""2024-12-30""},""ReferentielFacteurCaracterisation"":{""valeur"":1.18708014804E-5,""source"":""Fake data for tests"",""impact source"":""MODELE""}}";1.0;;6.775571621232877E-9;0.0028538812785388126;;Terminal;Disease incidence;;1;;Terminal 1;;9;1;;1.0504762203461826E-4;5.0
Digital Service 3;2025-12-15 09:44:29.109;2025-12-15;9;FABRICATION;Ionising radiation;;OK;"{""formule"":""ImpactEquipementPhysique = (Quantité(0.0028538812785388126) * referentielFacteurCaracterisation(68.1604851269867) * TauxUtilisation(1.0)) / dureeVie(5.0)"",""dureeDeVie"":{""valeurRetenue"":5.0,""methodeDureeUsage"":""REEL"",""dureeUsageAmont"":0.0,""dureeUsageAval"":0.0,""dateAchat"":""2020-01-01"",""dateRetrait"":""2024-12-30""},""ReferentielFacteurCaracterisation"":{""valeur"":68.1604851269867,""source"":""Fake data for tests"",""impact source"":""MODELE""}}";1.0;;0.03890438648800611;0.0028538812785388126;;Terminal;kBq U-235 eq;;1;;Terminal 1;;9;1;;5.905789220190681E-7;5.0
Digital Service 3;2025-12-15 09:44:29.109;2025-12-15;9;FABRICATION;Acidification;;OK;"{""formule"":""ImpactEquipementPhysique = (Quantité(0.0028538812785388126) * referentielFacteurCaracterisation(1.10839036958167) * TauxUtilisation(1.0)) / dureeVie(5.0)"",""dureeDeVie"":{""valeurRetenue"":5.0,""methodeDureeUsage"":""REEL"",""dureeUsageAmont"":0.0,""dureeUsageAval"":0.0,""dateAchat"":""2020-01-01"",""dateRetrait"":""2024-12-30""},""ReferentielFacteurCaracterisation"":{""valeur"":1.10839036958167,""source"":""Fake data for tests"",""impact source"":""MODELE""}}";1.0;;6.326429050123686E-4;0.0028538812785388126;;Terminal;mol H+ eq;;1;;Terminal 1;;9;1;;5.061143240098949E-6;5.0
Digital Service 3;2025-12-15 09:44:29.109;2025-12-15;9;FABRICATION;Resource use (minerals and metals);;OK;"{""formule"":""ImpactEquipementPhysique = (Quantité(0.0028538812785388126) * referentielFacteurCaracterisation(0.0131261988565737) * TauxUtilisation(1.0)) / dureeVie(5.0)"",""dureeDeVie"":{""valeurRetenue"":5.0,""methodeDureeUsage"":""REEL"",""dureeUsageAmont"":0.0,""dureeUsageAval"":0.0,""dateAchat"":""2020-01-01"",""dateRetrait"":""2024-12-30""},""ReferentielFacteurCaracterisation"":{""valeur"":0.0131261988565737,""source"":""Fake data for tests"",""impact source"":""MODELE""}}";1.0;;7.49212263503065E-6;0.0028538812785388126;;Terminal;kg Sb eq;;1;;Terminal 1;;9;1;;2.7368484511527486E-4;5.0
Digital Service 3;2025-12-15 09:44:29.109;2025-12-15;9;DISTRIBUTION;Climate change;;OK;"{""formule"":""ImpactEquipementPhysique = (Quantité(0.0028538812785388126) * referentielFacteurCaracterisation(25.6935586250966) * TauxUtilisation(1.0)) / dureeVie(5.0)"",""dureeDeVie"":{""valeurRetenue"":5.0,""methodeDureeUsage"":""REEL"",""dureeUsageAmont"":0.0,""dureeUsageAval"":0.0,""dateAchat"":""2020-01-01"",""dateRetrait"":""2024-12-30""},""ReferentielFacteurCaracterisation"":{""valeur"":25.6935586250966,""source"":""Fake data for tests"",""impact source"":""MODELE""}}";1.0;;0.014665273187840524;0.0028538812785388126;;Terminal;kg CO2 eq;;1;;Terminal 1;;9;1;;1.7227927386596796E-5;5.0
Digital Service 3;2025-12-15 09:44:29.109;2025-12-15;9;DISTRIBUTION;Particulate matter and respiratory inorganics;;OK;"{""formule"":""ImpactEquipementPhysique = (Quantité(0.0028538812785388126) * referentielFacteurCaracterisation(5.285703547E-7) * TauxUtilisation(1.0)) / dureeVie(5.0)"",""dureeDeVie"":{""valeurRetenue"":5.0,""methodeDureeUsage"":""REEL"",""dureeUsageAmont"":0.0,""dureeUsageAval"":0.0,""dateAchat"":""2020-01-01"",""dateRetrait"":""2024-12-30""},""ReferentielFacteurCaracterisation"":{""valeur"":5.285703547E-7,""source"":""Fake data for tests"",""impact source"":""MODELE""}}";1.0;;3.016954079337899E-10;0.0028538812785388126;;Terminal;Disease incidence;;1;;Terminal 1;;9;1;;4.677448185019999E-6;5.0
Digital Service 3;2025-12-15 09:44:29.109;2025-12-15;9;DISTRIBUTION;Ionising radiation;;OK;"{""formule"":""ImpactEquipementPhysique = (Quantité(0.0028538812785388126) * referentielFacteurCaracterisation(0.0391840440399759) * TauxUtilisation(1.0)) / dureeVie(5.0)"",""dureeDeVie"":{""valeurRetenue"":5.0,""methodeDureeUsage"":""REEL"",""dureeUsageAmont"":0.0,""dureeUsageAval"":0.0,""dateAchat"":""2020-01-01"",""dateRetrait"":""2024-12-30""},""ReferentielFacteurCaracterisation"":{""valeur"":0.0391840440399759,""source"":""Fake data for tests"",""impact source"":""MODELE""}}";1.0;;2.2365321940625512E-5;0.0028538812785388126;;Terminal;kBq U-235 eq;;1;;Terminal 1;;9;1;;3.395115285104442E-10;5.0
Digital Service 3;2025-12-15 09:44:29.109;2025-12-15;9;DISTRIBUTION;Acidification;;OK;"{""formule"":""ImpactEquipementPhysique = (Quantité(0.0028538812785388126) * referentielFacteurCaracterisation(0.0852861976665859) * TauxUtilisation(1.0)) / dureeVie(5.0)"",""dureeDeVie"":{""valeurRetenue"":5.0,""methodeDureeUsage"":""REEL"",""dureeUsageAmont"":0.0,""dureeUsageAval"":0.0,""dateAchat"":""2020-01-01"",""dateRetrait"":""2024-12-30""},""ReferentielFacteurCaracterisation"":{""valeur"":0.0852861976665859,""source"":""Fake data for tests"",""impact source"":""MODELE""}}";1.0;;4.867933656768602E-5;0.0028538812785388126;;Terminal;mol H+ eq;;1;;Terminal 1;;9;1;;3.8943469254148814E-7;5.0
Digital Service 3;2025-12-15 09:44:29.109;2025-12-15;9;DISTRIBUTION;Resource use (minerals and metals);;OK;"{""formule"":""ImpactEquipementPhysique = (Quantité(0.0028538812785388126) * referentielFacteurCaracterisation(9.991461143E-7) * TauxUtilisation(1.0)) / dureeVie(5.0)"",""dureeDeVie"":{""valeurRetenue"":5.0,""methodeDureeUsage"":""REEL"",""dureeUsageAmont"":0.0,""dureeUsageAval"":0.0,""dateAchat"":""2020-01-01"",""dateRetrait"":""2024-12-30""},""ReferentielFacteurCaracterisation"":{""valeur"":9.991461143E-7,""source"":""Fake data for tests"",""impact source"":""MODELE""}}";1.0;;5.702888780251141E-10;0.0028538812785388126;;Terminal;kg Sb eq;;1;;Terminal 1;;9;1;;2.0832470430141156E-8;5.0
Digital Service 3;2025-12-15 09:44:29.109;2025-12-15;9;UTILISATION;Climate change;;OK;"{""formule"":""ImpactEquipementPhysique = Quantité(0.0028538812785388126) * ConsoElecAnMoyenne(26.6) * MixElectrique(0.0813225) * TauxUtilisation(1.0)"",""consoElecAnMoyenne"":{""valeur"":26.6,""valeurReferentielConsoElecMoyenne"":26.6,""sourceReferentielFacteurCaracterisation"":""Fake data for tests"",""impact source"":""REELLE""},""mixElectrique"":{""valeur"":0.0813225,""valeurReferentielMixElectrique"":0.0813225,""sourceReferentielMixElectrique"":""Base IMPACTS ®Version 2.01"",""serveur"":false}}";1.0;26.6;0.006173454623287672;0.0028538812785388126;;Terminal;kg CO2 eq;;1;;Terminal 1;;9;1;;7.252222758634563E-6;5.0
Digital Service 3;2025-12-15 09:44:29.109;2025-12-15;9;UTILISATION;Particulate matter and respiratory inorganics;;OK;"{""formule"":""ImpactEquipementPhysique = Quantité(0.0028538812785388126) * ConsoElecAnMoyenne(26.6) * MixElectrique(4.15844E-9) * TauxUtilisation(1.0)"",""consoElecAnMoyenne"":{""valeur"":26.6,""valeurReferentielConsoElecMoyenne"":26.6,""sourceReferentielFacteurCaracterisation"":""Fake data for tests"",""impact source"":""REELLE""},""mixElectrique"":{""valeur"":4.15844E-9,""valeurReferentielMixElectrique"":4.15844E-9,""sourceReferentielMixElectrique"":""Base IMPACTS ®Version 2.01"",""serveur"":false}}";1.0;26.6;3.1568066210045666E-10;0.0028538812785388126;;Terminal;Disease incidence;;1;;Terminal 1;;9;1;;4.894273831014832E-6;5.0
Digital Service 3;2025-12-15 09:44:29.109;2025-12-15;9;UTILISATION;Ionising radiation;;OK;"{""formule"":""ImpactEquipementPhysique = Quantité(0.0028538812785388126) * ConsoElecAnMoyenne(26.6) * MixElectrique(3.23443) * TauxUtilisation(1.0)"",""consoElecAnMoyenne"":{""valeur"":26.6,""valeurReferentielConsoElecMoyenne"":26.6,""sourceReferentielFacteurCaracterisation"":""Fake data for tests"",""impact source"":""REELLE""},""mixElectrique"":{""valeur"":3.23443,""valeurReferentielMixElectrique"":3.23443,""sourceReferentielMixElectrique"":""Base IMPACTS ®Version 2.01"",""serveur"":false}}";1.0;26.6;0.2455360673515982;0.0028538812785388126;;Terminal;kBq U-235 eq;;1;;Terminal 1;;9;1;;3.727302730195039E-6;5.0
Digital Service 3;2025-12-15 09:44:29.109;2025-12-15;9;UTILISATION;Acidification;;OK;"{""formule"":""ImpactEquipementPhysique = Quantité(0.0028538812785388126) * ConsoElecAnMoyenne(26.6) * MixElectrique(2.09809E-4) * TauxUtilisation(1.0)"",""consoElecAnMoyenne"":{""valeur"":26.6,""valeurReferentielConsoElecMoyenne"":26.6,""sourceReferentielFacteurCaracterisation"":""Fake data for tests"",""impact source"":""REELLE""},""mixElectrique"":{""valeur"":2.09809E-4,""valeurReferentielMixElectrique"":2.09809E-4,""sourceReferentielMixElectrique"":""Base IMPACTS ®Version 2.01"",""serveur"":false}}";1.0;26.6;1.5927281392694067E-5;0.0028538812785388126;;Terminal;mol H+ eq;;1;;Terminal 1;;9;1;;1.2741825114155254E-7;5.0
Digital Service 3;2025-12-15 09:44:29.109;2025-12-15;9;UTILISATION;Resource use (minerals and metals);;OK;"{""formule"":""ImpactEquipementPhysique = Quantité(0.0028538812785388126) * ConsoElecAnMoyenne(26.6) * MixElectrique(4.85798E-8) * TauxUtilisation(1.0)"",""consoElecAnMoyenne"":{""valeur"":26.6,""valeurReferentielConsoElecMoyenne"":26.6,""sourceReferentielFacteurCaracterisation"":""Fake data for tests"",""impact source"":""REELLE""},""mixElectrique"":{""valeur"":4.85798E-8,""valeurReferentielMixElectrique"":4.85798E-8,""sourceReferentielMixElectrique"":""Base IMPACTS ®Version 2.01"",""serveur"":false}}";1.0;26.6;3.687850114155251E-9;0.0028538812785388126;;Terminal;kg Sb eq;;1;;Terminal 1;;9;1;;1.3471598590521463E-7;5.0
Digital Service 3;2025-12-15 09:44:29.109;2025-12-15;9;FIN_DE_VIE;Climate change;;OK;"{""formule"":""ImpactEquipementPhysique = (Quantité(0.0028538812785388126) * referentielFacteurCaracterisation(1.29002948801164) * TauxUtilisation(1.0)) / dureeVie(5.0)"",""dureeDeVie"":{""valeurRetenue"":5.0,""methodeDureeUsage"":""REEL"",""dureeUsageAmont"":0.0,""dureeUsageAval"":0.0,""dateAchat"":""2020-01-01"",""dateRetrait"":""2024-12-30""},""ReferentielFacteurCaracterisation"":{""valeur"":1.29002948801164,""source"":""Fake data for tests"",""impact source"":""MODELE""}}";1.0;;7.363182009198859E-4;0.0028538812785388126;;Terminal;kg CO2 eq;;1;;Terminal 1;;9;1;;8.649846706841538E-7;5.0
Digital Service 3;2025-12-15 09:44:29.109;2025-12-15;9;FIN_DE_VIE;Particulate matter and respiratory inorganics;;OK;"{""formule"":""ImpactEquipementPhysique = (Quantité(0.0028538812785388126) * referentielFacteurCaracterisation(5.01546232E-8) * TauxUtilisation(1.0)) / dureeVie(5.0)"",""dureeDeVie"":{""valeurRetenue"":5.0,""methodeDureeUsage"":""REEL"",""dureeUsageAmont"":0.0,""dureeUsageAval"":0.0,""dateAchat"":""2020-01-01"",""dateRetrait"":""2024-12-30""},""ReferentielFacteurCaracterisation"":{""valeur"":5.01546232E-8,""source"":""Fake data for tests"",""impact source"":""MODELE""}}";1.0;;2.8627068036529678E-11;0.0028538812785388126;;Terminal;Disease incidence;;1;;Terminal 1;;9;1;;4.438305121942586E-7;5.0
Digital Service 3;2025-12-15 09:44:29.109;2025-12-15;9;FIN_DE_VIE;Ionising radiation;;OK;"{""formule"":""ImpactEquipementPhysique = (Quantité(0.0028538812785388126) * referentielFacteurCaracterisation(0.194964326066869) * TauxUtilisation(1.0)) / dureeVie(5.0)"",""dureeDeVie"":{""valeurRetenue"":5.0,""methodeDureeUsage"":""REEL"",""dureeUsageAmont"":0.0,""dureeUsageAval"":0.0,""dateAchat"":""2020-01-01"",""dateRetrait"":""2024-12-30""},""ReferentielFacteurCaracterisation"":{""valeur"":0.194964326066869,""source"":""Fake data for tests"",""impact source"":""MODELE""}}";1.0;;1.112810080290348E-4;0.0028538812785388126;;Terminal;kBq U-235 eq;;1;;Terminal 1;;9;1;;1.6892752641978717E-9;5.0
Digital Service 3;2025-12-15 09:44:29.109;2025-12-15;9;FIN_DE_VIE;Acidification;;OK;"{""formule"":""ImpactEquipementPhysique = (Quantité(0.0028538812785388126) * referentielFacteurCaracterisation(0.0152377504984708) * TauxUtilisation(1.0)) / dureeVie(5.0)"",""dureeDeVie"":{""valeurRetenue"":5.0,""methodeDureeUsage"":""REEL"",""dureeUsageAmont"":0.0,""dureeUsageAval"":0.0,""dateAchat"":""2020-01-01"",""dateRetrait"":""2024-12-30""},""ReferentielFacteurCaracterisation"":{""valeur"":0.0152377504984708,""source"":""Fake data for tests"",""impact source"":""MODELE""}}";1.0;;8.697346174926256E-6;0.0028538812785388126;;Terminal;mol H+ eq;;1;;Terminal 1;;9;1;;6.957876939941005E-8;5.0
Digital Service 3;2025-12-15 09:44:29.109;2025-12-15;9;FIN_DE_VIE;Resource use (minerals and metals);;OK;"{""formule"":""ImpactEquipementPhysique = (Quantité(0.0028538812785388126) * referentielFacteurCaracterisation(4.6937502817E-6) * TauxUtilisation(1.0)) / dureeVie(5.0)"",""dureeDeVie"":{""valeurRetenue"":5.0,""methodeDureeUsage"":""REEL"",""dureeUsageAmont"":0.0,""dureeUsageAval"":0.0,""dateAchat"":""2020-01-01"",""dateRetrait"":""2024-12-30""},""ReferentielFacteurCaracterisation"":{""valeur"":4.6937502817E-6,""source"":""Fake data for tests"",""impact source"":""MODELE""}}";1.0;;2.6790812110159817E-9;0.0028538812785388126;;Terminal;kg Sb eq;;1;;Terminal 1;;9;1;;9.786598031108609E-8;5.0
