criterion;lifecycle_step;name;category;avg_electricity_consumption;description;location;level;source;tier;unit;value;subscriber;version
RESOURCE_USE;MANUFACTURING;Small AI Server (2 × NVIDIA L4);IT equipment;10512;Rack server NO, 2 processor high-end, 4 SSD: 2048 GB each, 0 HDD, 48 RAM, 64 GB each, 2 GPUs Nvidia L4 (Hubblo), electricty consumption based on NegaOctet server with only 1 GPU);;2-Equipement;NegaOctet-20220211 + ACV Hubblo (https://data.hubblo.org/gpu);Datacenter;Item;0.0887;NULL;NULL
RESOURCE_USE_FOSSILS;MANUFACTURING;Small AI Server (2 × NVIDIA L4);IT equipment;10512;Rack server NO, 2 processor high-end, 4 SSD: 2048 GB each, 0 HDD, 48 RAM, 64 GB each, 2 GPUs Nvidia L4 (Hubblo), electricty consumption based on NegaOctet server with only 1 GPU);;2-Equipement;NegaOctet-20220211 + ACV Hubblo (https://data.hubblo.org/gpu);Datacenter;Item;108000;NULL;NULL
ACIDIFICATION;MANUFACTURING;Small AI Server (2 × NVIDIA L4);IT equipment;10512;Rack server NO, 2 processor high-end, 4 SSD: 2048 GB each, 0 HDD, 48 RAM, 64 GB each, 2 GPUs Nvidia L4 (Hubblo), electricty consumption based on NegaOctet server with only 1 GPU);;2-Equipement;NegaOctet-20220211 + ACV Hubblo (https://data.hubblo.org/gpu);Datacenter;Item;45.6;NULL;NULL
EUTROPHICATION_FRESHWATER;MANUFACTURING;Small AI Server (2 × NVIDIA L4);IT equipment;10512;Rack server NO, 2 processor high-end, 4 SSD: 2048 GB each, 0 HDD, 48 RAM, 64 GB each, 2 GPUs Nvidia L4 (Hubblo), electricty consumption based on NegaOctet server with only 1 GPU);;2-Equipement;NegaOctet-20220211 + ACV Hubblo (https://data.hubblo.org/gpu);Datacenter;Item;0.0248;NULL;NULL
EUTROPHICATION_MARINE;MANUFACTURING;Small AI Server (2 × NVIDIA L4);IT equipment;10512;Rack server NO, 2 processor high-end, 4 SSD: 2048 GB each, 0 HDD, 48 RAM, 64 GB each, 2 GPUs Nvidia L4 (Hubblo), electricty consumption based on NegaOctet server with only 1 GPU);;2-Equipement;NegaOctet-20220211 + ACV Hubblo (https://data.hubblo.org/gpu);Datacenter;Item;5.42;NULL;NULL
EUTROPHICATION_TERRESTRIAL;MANUFACTURING;Small AI Server (2 × NVIDIA L4);IT equipment;10512;Rack server NO, 2 processor high-end, 4 SSD: 2048 GB each, 0 HDD, 48 RAM, 64 GB each, 2 GPUs Nvidia L4 (Hubblo), electricty consumption based on NegaOctet server with only 1 GPU);;2-Equipement;NegaOctet-20220211 + ACV Hubblo (https://data.hubblo.org/gpu);Datacenter;Item;56.6;NULL;NULL
CLIMATE_CHANGE;MANUFACTURING;Small AI Server (2 × NVIDIA L4);IT equipment;10512;Rack server NO, 2 processor high-end, 4 SSD: 2048 GB each, 0 HDD, 48 RAM, 64 GB each, 2 GPUs Nvidia L4 (Hubblo), electricty consumption based on NegaOctet server with only 1 GPU);;2-Equipement;NegaOctet-20220211 + ACV Hubblo (https://data.hubblo.org/gpu);Datacenter;Item;8130;NULL;NULL
IONISING_RADIATION;MANUFACTURING;Small AI Server (2 × NVIDIA L4);IT equipment;10512;Rack server NO, 2 processor high-end, 4 SSD: 2048 GB each, 0 HDD, 48 RAM, 64 GB each, 2 GPUs Nvidia L4 (Hubblo), electricty consumption based on NegaOctet server with only 1 GPU);;2-Equipement;NegaOctet-20220211 + ACV Hubblo (https://data.hubblo.org/gpu);Datacenter;Item;2860;NULL;NULL
OZONE_DEPLETION;MANUFACTURING;Small AI Server (2 × NVIDIA L4);IT equipment;10512;Rack server NO, 2 processor high-end, 4 SSD: 2048 GB each, 0 HDD, 48 RAM, 64 GB each, 2 GPUs Nvidia L4 (Hubblo), electricty consumption based on NegaOctet server with only 1 GPU);;2-Equipement;NegaOctet-20220211 + ACV Hubblo (https://data.hubblo.org/gpu);Datacenter;Item;0.00336;NULL;NULL
PARTICULATE_MATTER;MANUFACTURING;Small AI Server (2 × NVIDIA L4);IT equipment;10512;Rack server NO, 2 processor high-end, 4 SSD: 2048 GB each, 0 HDD, 48 RAM, 64 GB each, 2 GPUs Nvidia L4 (Hubblo), electricty consumption based on NegaOctet server with only 1 GPU);;2-Equipement;NegaOctet-20220211 + ACV Hubblo (https://data.hubblo.org/gpu);Datacenter;Item;0.000252;NULL;NULL
PHOTOCHEMICAL_OZONE_FORMATION;MANUFACTURING;Small AI Server (2 × NVIDIA L4);IT equipment;10512;Rack server NO, 2 processor high-end, 4 SSD: 2048 GB each, 0 HDD, 48 RAM, 64 GB each, 2 GPUs Nvidia L4 (Hubblo), electricty consumption based on NegaOctet server with only 1 GPU);;2-Equipement;NegaOctet-20220211 + ACV Hubblo (https://data.hubblo.org/gpu);Datacenter;Item;17.9;NULL;NULL
WATER_USE;MANUFACTURING;Small AI Server (2 × NVIDIA L4);IT equipment;10512;Rack server NO, 2 processor high-end, 4 SSD: 2048 GB each, 0 HDD, 48 RAM, 64 GB each, 2 GPUs Nvidia L4 (Hubblo), electricty consumption based on NegaOctet server with only 1 GPU);;2-Equipement;NegaOctet-20220211 + ACV Hubblo (https://data.hubblo.org/gpu);Datacenter;Item;3570;NULL;NULL
RESOURCE_USE;TRANSPORTATION;Small AI Server (2 × NVIDIA L4);IT equipment;10512;Rack server NO, 2 processor high-end, 4 SSD: 2048 GB each, 0 HDD, 48 RAM, 64 GB each, 2 GPUs Nvidia L4 (Hubblo), electricty consumption based on NegaOctet server with only 1 GPU);;2-Equipement;NegaOctet-20220211 + ACV Hubblo (https://data.hubblo.org/gpu);Datacenter;Item;0.00000376;NULL;NULL
RESOURCE_USE_FOSSILS;TRANSPORTATION;Small AI Server (2 × NVIDIA L4);IT equipment;10512;Rack server NO, 2 processor high-end, 4 SSD: 2048 GB each, 0 HDD, 48 RAM, 64 GB each, 2 GPUs Nvidia L4 (Hubblo), electricty consumption based on NegaOctet server with only 1 GPU);;2-Equipement;NegaOctet-20220211 + ACV Hubblo (https://data.hubblo.org/gpu);Datacenter;Item;1400;NULL;NULL
ACIDIFICATION;TRANSPORTATION;Small AI Server (2 × NVIDIA L4);IT equipment;10512;Rack server NO, 2 processor high-end, 4 SSD: 2048 GB each, 0 HDD, 48 RAM, 64 GB each, 2 GPUs Nvidia L4 (Hubblo), electricty consumption based on NegaOctet server with only 1 GPU);;2-Equipement;NegaOctet-20220211 + ACV Hubblo (https://data.hubblo.org/gpu);Datacenter;Item;0.433;NULL;NULL
EUTROPHICATION_FRESHWATER;TRANSPORTATION;Small AI Server (2 × NVIDIA L4);IT equipment;10512;Rack server NO, 2 processor high-end, 4 SSD: 2048 GB each, 0 HDD, 48 RAM, 64 GB each, 2 GPUs Nvidia L4 (Hubblo), electricty consumption based on NegaOctet server with only 1 GPU);;2-Equipement;NegaOctet-20220211 + ACV Hubblo (https://data.hubblo.org/gpu);Datacenter;Item;0.0000338;NULL;NULL
EUTROPHICATION_MARINE;TRANSPORTATION;Small AI Server (2 × NVIDIA L4);IT equipment;10512;Rack server NO, 2 processor high-end, 4 SSD: 2048 GB each, 0 HDD, 48 RAM, 64 GB each, 2 GPUs Nvidia L4 (Hubblo), electricty consumption based on NegaOctet server with only 1 GPU);;2-Equipement;NegaOctet-20220211 + ACV Hubblo (https://data.hubblo.org/gpu);Datacenter;Item;0.186;NULL;NULL
EUTROPHICATION_TERRESTRIAL;TRANSPORTATION;Small AI Server (2 × NVIDIA L4);IT equipment;10512;Rack server NO, 2 processor high-end, 4 SSD: 2048 GB each, 0 HDD, 48 RAM, 64 GB each, 2 GPUs Nvidia L4 (Hubblo), electricty consumption based on NegaOctet server with only 1 GPU);;2-Equipement;NegaOctet-20220211 + ACV Hubblo (https://data.hubblo.org/gpu);Datacenter;Item;2.04;NULL;NULL
CLIMATE_CHANGE;TRANSPORTATION;Small AI Server (2 × NVIDIA L4);IT equipment;10512;Rack server NO, 2 processor high-end, 4 SSD: 2048 GB each, 0 HDD, 48 RAM, 64 GB each, 2 GPUs Nvidia L4 (Hubblo), electricty consumption based on NegaOctet server with only 1 GPU);;2-Equipement;NegaOctet-20220211 + ACV Hubblo (https://data.hubblo.org/gpu);Datacenter;Item;98.5;NULL;NULL
IONISING_RADIATION;TRANSPORTATION;Small AI Server (2 × NVIDIA L4);IT equipment;10512;Rack server NO, 2 processor high-end, 4 SSD: 2048 GB each, 0 HDD, 48 RAM, 64 GB each, 2 GPUs Nvidia L4 (Hubblo), electricty consumption based on NegaOctet server with only 1 GPU);;2-Equipement;NegaOctet-20220211 + ACV Hubblo (https://data.hubblo.org/gpu);Datacenter;Item;1.67;NULL;NULL
OZONE_DEPLETION;TRANSPORTATION;Small AI Server (2 × NVIDIA L4);IT equipment;10512;Rack server NO, 2 processor high-end, 4 SSD: 2048 GB each, 0 HDD, 48 RAM, 64 GB each, 2 GPUs Nvidia L4 (Hubblo), electricty consumption based on NegaOctet server with only 1 GPU);;2-Equipement;NegaOctet-20220211 + ACV Hubblo (https://data.hubblo.org/gpu);Datacenter;Item;0.000000706;NULL;NULL
PARTICULATE_MATTER;TRANSPORTATION;Small AI Server (2 × NVIDIA L4);IT equipment;10512;Rack server NO, 2 processor high-end, 4 SSD: 2048 GB each, 0 HDD, 48 RAM, 64 GB each, 2 GPUs Nvidia L4 (Hubblo), electricty consumption based on NegaOctet server with only 1 GPU);;2-Equipement;NegaOctet-20220211 + ACV Hubblo (https://data.hubblo.org/gpu);Datacenter;Item;0.00000266;NULL;NULL
PHOTOCHEMICAL_OZONE_FORMATION;TRANSPORTATION;Small AI Server (2 × NVIDIA L4);IT equipment;10512;Rack server NO, 2 processor high-end, 4 SSD: 2048 GB each, 0 HDD, 48 RAM, 64 GB each, 2 GPUs Nvidia L4 (Hubblo), electricty consumption based on NegaOctet server with only 1 GPU);;2-Equipement;NegaOctet-20220211 + ACV Hubblo (https://data.hubblo.org/gpu);Datacenter;Item;0.504;NULL;NULL
WATER_USE;TRANSPORTATION;Small AI Server (2 × NVIDIA L4);IT equipment;10512;Rack server NO, 2 processor high-end, 4 SSD: 2048 GB each, 0 HDD, 48 RAM, 64 GB each, 2 GPUs Nvidia L4 (Hubblo), electricty consumption based on NegaOctet server with only 1 GPU);;2-Equipement;NegaOctet-20220211 + ACV Hubblo (https://data.hubblo.org/gpu);Datacenter;Item;0.785;NULL;NULL
RESOURCE_USE;USING;Small AI Server (2 × NVIDIA L4);IT equipment;10512;Rack server NO, 2 processor high-end, 4 SSD: 2048 GB each, 0 HDD, 48 RAM, 64 GB each, 2 GPUs Nvidia L4 (Hubblo), electricty consumption based on NegaOctet server with only 1 GPU);;2-Equipement;NegaOctet-20220211 + ACV Hubblo (https://data.hubblo.org/gpu);Datacenter;Item;0;NULL;NULL
RESOURCE_USE_FOSSILS;USING;Small AI Server (2 × NVIDIA L4);IT equipment;10512;Rack server NO, 2 processor high-end, 4 SSD: 2048 GB each, 0 HDD, 48 RAM, 64 GB each, 2 GPUs Nvidia L4 (Hubblo), electricty consumption based on NegaOctet server with only 1 GPU);;2-Equipement;NegaOctet-20220211 + ACV Hubblo (https://data.hubblo.org/gpu);Datacenter;Item;0;NULL;NULL
ACIDIFICATION;USING;Small AI Server (2 × NVIDIA L4);IT equipment;10512;Rack server NO, 2 processor high-end, 4 SSD: 2048 GB each, 0 HDD, 48 RAM, 64 GB each, 2 GPUs Nvidia L4 (Hubblo), electricty consumption based on NegaOctet server with only 1 GPU);;2-Equipement;NegaOctet-20220211 + ACV Hubblo (https://data.hubblo.org/gpu);Datacenter;Item;0;NULL;NULL
EUTROPHICATION_FRESHWATER;USING;Small AI Server (2 × NVIDIA L4);IT equipment;10512;Rack server NO, 2 processor high-end, 4 SSD: 2048 GB each, 0 HDD, 48 RAM, 64 GB each, 2 GPUs Nvidia L4 (Hubblo), electricty consumption based on NegaOctet server with only 1 GPU);;2-Equipement;NegaOctet-20220211 + ACV Hubblo (https://data.hubblo.org/gpu);Datacenter;Item;0;NULL;NULL
EUTROPHICATION_MARINE;USING;Small AI Server (2 × NVIDIA L4);IT equipment;10512;Rack server NO, 2 processor high-end, 4 SSD: 2048 GB each, 0 HDD, 48 RAM, 64 GB each, 2 GPUs Nvidia L4 (Hubblo), electricty consumption based on NegaOctet server with only 1 GPU);;2-Equipement;NegaOctet-20220211 + ACV Hubblo (https://data.hubblo.org/gpu);Datacenter;Item;0;NULL;NULL
EUTROPHICATION_TERRESTRIAL;USING;Small AI Server (2 × NVIDIA L4);IT equipment;10512;Rack server NO, 2 processor high-end, 4 SSD: 2048 GB each, 0 HDD, 48 RAM, 64 GB each, 2 GPUs Nvidia L4 (Hubblo), electricty consumption based on NegaOctet server with only 1 GPU);;2-Equipement;NegaOctet-20220211 + ACV Hubblo (https://data.hubblo.org/gpu);Datacenter;Item;0;NULL;NULL
CLIMATE_CHANGE;USING;Small AI Server (2 × NVIDIA L4);IT equipment;10512;Rack server NO, 2 processor high-end, 4 SSD: 2048 GB each, 0 HDD, 48 RAM, 64 GB each, 2 GPUs Nvidia L4 (Hubblo), electricty consumption based on NegaOctet server with only 1 GPU);;2-Equipement;NegaOctet-20220211 + ACV Hubblo (https://data.hubblo.org/gpu);Datacenter;Item;0;NULL;NULL
IONISING_RADIATION;USING;Small AI Server (2 × NVIDIA L4);IT equipment;10512;Rack server NO, 2 processor high-end, 4 SSD: 2048 GB each, 0 HDD, 48 RAM, 64 GB each, 2 GPUs Nvidia L4 (Hubblo), electricty consumption based on NegaOctet server with only 1 GPU);;2-Equipement;NegaOctet-20220211 + ACV Hubblo (https://data.hubblo.org/gpu);Datacenter;Item;0;NULL;NULL
OZONE_DEPLETION;USING;Small AI Server (2 × NVIDIA L4);IT equipment;10512;Rack server NO, 2 processor high-end, 4 SSD: 2048 GB each, 0 HDD, 48 RAM, 64 GB each, 2 GPUs Nvidia L4 (Hubblo), electricty consumption based on NegaOctet server with only 1 GPU);;2-Equipement;NegaOctet-20220211 + ACV Hubblo (https://data.hubblo.org/gpu);Datacenter;Item;0;NULL;NULL
PARTICULATE_MATTER;USING;Small AI Server (2 × NVIDIA L4);IT equipment;10512;Rack server NO, 2 processor high-end, 4 SSD: 2048 GB each, 0 HDD, 48 RAM, 64 GB each, 2 GPUs Nvidia L4 (Hubblo), electricty consumption based on NegaOctet server with only 1 GPU);;2-Equipement;NegaOctet-20220211 + ACV Hubblo (https://data.hubblo.org/gpu);Datacenter;Item;0;NULL;NULL
PHOTOCHEMICAL_OZONE_FORMATION;USING;Small AI Server (2 × NVIDIA L4);IT equipment;10512;Rack server NO, 2 processor high-end, 4 SSD: 2048 GB each, 0 HDD, 48 RAM, 64 GB each, 2 GPUs Nvidia L4 (Hubblo), electricty consumption based on NegaOctet server with only 1 GPU);;2-Equipement;NegaOctet-20220211 + ACV Hubblo (https://data.hubblo.org/gpu);Datacenter;Item;0;NULL;NULL
WATER_USE;USING;Small AI Server (2 × NVIDIA L4);IT equipment;10512;Rack server NO, 2 processor high-end, 4 SSD: 2048 GB each, 0 HDD, 48 RAM, 64 GB each, 2 GPUs Nvidia L4 (Hubblo), electricty consumption based on NegaOctet server with only 1 GPU);;2-Equipement;NegaOctet-20220211 + ACV Hubblo (https://data.hubblo.org/gpu);Datacenter;Item;0;NULL;NULL
RESOURCE_USE;END_OF_LIFE;Small AI Server (2 × NVIDIA L4);IT equipment;10512;Rack server NO, 2 processor high-end, 4 SSD: 2048 GB each, 0 HDD, 48 RAM, 64 GB each, 2 GPUs Nvidia L4 (Hubblo), electricty consumption based on NegaOctet server with only 1 GPU);;2-Equipement;NegaOctet-20220211 + ACV Hubblo (https://data.hubblo.org/gpu);Datacenter;Item;0.0000265;NULL;NULL
RESOURCE_USE_FOSSILS;END_OF_LIFE;Small AI Server (2 × NVIDIA L4);IT equipment;10512;Rack server NO, 2 processor high-end, 4 SSD: 2048 GB each, 0 HDD, 48 RAM, 64 GB each, 2 GPUs Nvidia L4 (Hubblo), electricty consumption based on NegaOctet server with only 1 GPU);;2-Equipement;NegaOctet-20220211 + ACV Hubblo (https://data.hubblo.org/gpu);Datacenter;Item;224;NULL;NULL
ACIDIFICATION;END_OF_LIFE;Small AI Server (2 × NVIDIA L4);IT equipment;10512;Rack server NO, 2 processor high-end, 4 SSD: 2048 GB each, 0 HDD, 48 RAM, 64 GB each, 2 GPUs Nvidia L4 (Hubblo), electricty consumption based on NegaOctet server with only 1 GPU);;2-Equipement;NegaOctet-20220211 + ACV Hubblo (https://data.hubblo.org/gpu);Datacenter;Item;0.321;NULL;NULL
EUTROPHICATION_FRESHWATER;END_OF_LIFE;Small AI Server (2 × NVIDIA L4);IT equipment;10512;Rack server NO, 2 processor high-end, 4 SSD: 2048 GB each, 0 HDD, 48 RAM, 64 GB each, 2 GPUs Nvidia L4 (Hubblo), electricty consumption based on NegaOctet server with only 1 GPU);;2-Equipement;NegaOctet-20220211 + ACV Hubblo (https://data.hubblo.org/gpu);Datacenter;Item;0.00041;NULL;NULL
EUTROPHICATION_MARINE;END_OF_LIFE;Small AI Server (2 × NVIDIA L4);IT equipment;10512;Rack server NO, 2 processor high-end, 4 SSD: 2048 GB each, 0 HDD, 48 RAM, 64 GB each, 2 GPUs Nvidia L4 (Hubblo), electricty consumption based on NegaOctet server with only 1 GPU);;2-Equipement;NegaOctet-20220211 + ACV Hubblo (https://data.hubblo.org/gpu);Datacenter;Item;0.214;NULL;NULL
EUTROPHICATION_TERRESTRIAL;END_OF_LIFE;Small AI Server (2 × NVIDIA L4);IT equipment;10512;Rack server NO, 2 processor high-end, 4 SSD: 2048 GB each, 0 HDD, 48 RAM, 64 GB each, 2 GPUs Nvidia L4 (Hubblo), electricty consumption based on NegaOctet server with only 1 GPU);;2-Equipement;NegaOctet-20220211 + ACV Hubblo (https://data.hubblo.org/gpu);Datacenter;Item;0.164;NULL;NULL
CLIMATE_CHANGE;END_OF_LIFE;Small AI Server (2 × NVIDIA L4);IT equipment;10512;Rack server NO, 2 processor high-end, 4 SSD: 2048 GB each, 0 HDD, 48 RAM, 64 GB each, 2 GPUs Nvidia L4 (Hubblo), electricty consumption based on NegaOctet server with only 1 GPU);;2-Equipement;NegaOctet-20220211 + ACV Hubblo (https://data.hubblo.org/gpu);Datacenter;Item;17.6;NULL;NULL
IONISING_RADIATION;END_OF_LIFE;Small AI Server (2 × NVIDIA L4);IT equipment;10512;Rack server NO, 2 processor high-end, 4 SSD: 2048 GB each, 0 HDD, 48 RAM, 64 GB each, 2 GPUs Nvidia L4 (Hubblo), electricty consumption based on NegaOctet server with only 1 GPU);;2-Equipement;NegaOctet-20220211 + ACV Hubblo (https://data.hubblo.org/gpu);Datacenter;Item;1.47;NULL;NULL
OZONE_DEPLETION;END_OF_LIFE;Small AI Server (2 × NVIDIA L4);IT equipment;10512;Rack server NO, 2 processor high-end, 4 SSD: 2048 GB each, 0 HDD, 48 RAM, 64 GB each, 2 GPUs Nvidia L4 (Hubblo), electricty consumption based on NegaOctet server with only 1 GPU);;2-Equipement;NegaOctet-20220211 + ACV Hubblo (https://data.hubblo.org/gpu);Datacenter;Item;0.00000158;NULL;NULL
PARTICULATE_MATTER;END_OF_LIFE;Small AI Server (2 × NVIDIA L4);IT equipment;10512;Rack server NO, 2 processor high-end, 4 SSD: 2048 GB each, 0 HDD, 48 RAM, 64 GB each, 2 GPUs Nvidia L4 (Hubblo), electricty consumption based on NegaOctet server with only 1 GPU);;2-Equipement;NegaOctet-20220211 + ACV Hubblo (https://data.hubblo.org/gpu);Datacenter;Item;0.000000951;NULL;NULL
PHOTOCHEMICAL_OZONE_FORMATION;END_OF_LIFE;Small AI Server (2 × NVIDIA L4);IT equipment;10512;Rack server NO, 2 processor high-end, 4 SSD: 2048 GB each, 0 HDD, 48 RAM, 64 GB each, 2 GPUs Nvidia L4 (Hubblo), electricty consumption based on NegaOctet server with only 1 GPU);;2-Equipement;NegaOctet-20220211 + ACV Hubblo (https://data.hubblo.org/gpu);Datacenter;Item;0.0579;NULL;NULL
WATER_USE;END_OF_LIFE;Small AI Server (2 × NVIDIA L4);IT equipment;10512;Rack server NO, 2 processor high-end, 4 SSD: 2048 GB each, 0 HDD, 48 RAM, 64 GB each, 2 GPUs Nvidia L4 (Hubblo), electricty consumption based on NegaOctet server with only 1 GPU);;2-Equipement;NegaOctet-20220211 + ACV Hubblo (https://data.hubblo.org/gpu);Datacenter;Item;6250;NULL;NULL
RESOURCE_USE;MANUFACTURING;Medium AI Server (4 × H100 PCIe 80G);IT equipment;10512;Rack server NO, 2 processor high-end, 4 SSD: 2048 GB each, 0 HDD, 48 RAM, 64 GB each, 4 GPUs Nvidia H100 PCIe 80 GB (Hubblo), electricty consumption based on NegaOctet server with only 1 GPU);;2-Equipement;NegaOctet-20220211 + ACV Hubblo (https://data.hubblo.org/gpu);Datacenter;Item;0.12;NULL;NULL
RESOURCE_USE_FOSSILS;MANUFACTURING;Medium AI Server (4 × H100 PCIe 80G);IT equipment;10512;Rack server NO, 2 processor high-end, 4 SSD: 2048 GB each, 0 HDD, 48 RAM, 64 GB each, 4 GPUs Nvidia H100 PCIe 80 GB (Hubblo), electricty consumption based on NegaOctet server with only 1 GPU);;2-Equipement;NegaOctet-20220211 + ACV Hubblo (https://data.hubblo.org/gpu);Datacenter;Item;120000;NULL;NULL
ACIDIFICATION;MANUFACTURING;Medium AI Server (4 × H100 PCIe 80G);IT equipment;10512;Rack server NO, 2 processor high-end, 4 SSD: 2048 GB each, 0 HDD, 48 RAM, 64 GB each, 4 GPUs Nvidia H100 PCIe 80 GB (Hubblo), electricty consumption based on NegaOctet server with only 1 GPU);;2-Equipement;NegaOctet-20220211 + ACV Hubblo (https://data.hubblo.org/gpu);Datacenter;Item;51.1;NULL;NULL
EUTROPHICATION_FRESHWATER;MANUFACTURING;Medium AI Server (4 × H100 PCIe 80G);IT equipment;10512;Rack server NO, 2 processor high-end, 4 SSD: 2048 GB each, 0 HDD, 48 RAM, 64 GB each, 4 GPUs Nvidia H100 PCIe 80 GB (Hubblo), electricty consumption based on NegaOctet server with only 1 GPU);;2-Equipement;NegaOctet-20220211 + ACV Hubblo (https://data.hubblo.org/gpu);Datacenter;Item;0.0329;NULL;NULL
EUTROPHICATION_MARINE;MANUFACTURING;Medium AI Server (4 × H100 PCIe 80G);IT equipment;10512;Rack server NO, 2 processor high-end, 4 SSD: 2048 GB each, 0 HDD, 48 RAM, 64 GB each, 4 GPUs Nvidia H100 PCIe 80 GB (Hubblo), electricty consumption based on NegaOctet server with only 1 GPU);;2-Equipement;NegaOctet-20220211 + ACV Hubblo (https://data.hubblo.org/gpu);Datacenter;Item;6.15;NULL;NULL
EUTROPHICATION_TERRESTRIAL;MANUFACTURING;Medium AI Server (4 × H100 PCIe 80G);IT equipment;10512;Rack server NO, 2 processor high-end, 4 SSD: 2048 GB each, 0 HDD, 48 RAM, 64 GB each, 4 GPUs Nvidia H100 PCIe 80 GB (Hubblo), electricty consumption based on NegaOctet server with only 1 GPU);;2-Equipement;NegaOctet-20220211 + ACV Hubblo (https://data.hubblo.org/gpu);Datacenter;Item;62.7;NULL;NULL
CLIMATE_CHANGE;MANUFACTURING;Medium AI Server (4 × H100 PCIe 80G);IT equipment;10512;Rack server NO, 2 processor high-end, 4 SSD: 2048 GB each, 0 HDD, 48 RAM, 64 GB each, 4 GPUs Nvidia H100 PCIe 80 GB (Hubblo), electricty consumption based on NegaOctet server with only 1 GPU);;2-Equipement;NegaOctet-20220211 + ACV Hubblo (https://data.hubblo.org/gpu);Datacenter;Item;8970;NULL;NULL
IONISING_RADIATION;MANUFACTURING;Medium AI Server (4 × H100 PCIe 80G);IT equipment;10512;Rack server NO, 2 processor high-end, 4 SSD: 2048 GB each, 0 HDD, 48 RAM, 64 GB each, 4 GPUs Nvidia H100 PCIe 80 GB (Hubblo), electricty consumption based on NegaOctet server with only 1 GPU);;2-Equipement;NegaOctet-20220211 + ACV Hubblo (https://data.hubblo.org/gpu);Datacenter;Item;6210;NULL;NULL
OZONE_DEPLETION;MANUFACTURING;Medium AI Server (4 × H100 PCIe 80G);IT equipment;10512;Rack server NO, 2 processor high-end, 4 SSD: 2048 GB each, 0 HDD, 48 RAM, 64 GB each, 4 GPUs Nvidia H100 PCIe 80 GB (Hubblo), electricty consumption based on NegaOctet server with only 1 GPU);;2-Equipement;NegaOctet-20220211 + ACV Hubblo (https://data.hubblo.org/gpu);Datacenter;Item;0.00408;NULL;NULL
PARTICULATE_MATTER;MANUFACTURING;Medium AI Server (4 × H100 PCIe 80G);IT equipment;10512;Rack server NO, 2 processor high-end, 4 SSD: 2048 GB each, 0 HDD, 48 RAM, 64 GB each, 4 GPUs Nvidia H100 PCIe 80 GB (Hubblo), electricty consumption based on NegaOctet server with only 1 GPU);;2-Equipement;NegaOctet-20220211 + ACV Hubblo (https://data.hubblo.org/gpu);Datacenter;Item;0.000319;NULL;NULL
PHOTOCHEMICAL_OZONE_FORMATION;MANUFACTURING;Medium AI Server (4 × H100 PCIe 80G);IT equipment;10512;Rack server NO, 2 processor high-end, 4 SSD: 2048 GB each, 0 HDD, 48 RAM, 64 GB each, 4 GPUs Nvidia H100 PCIe 80 GB (Hubblo), electricty consumption based on NegaOctet server with only 1 GPU);;2-Equipement;NegaOctet-20220211 + ACV Hubblo (https://data.hubblo.org/gpu);Datacenter;Item;22;NULL;NULL
WATER_USE;MANUFACTURING;Medium AI Server (4 × H100 PCIe 80G);IT equipment;10512;Rack server NO, 2 processor high-end, 4 SSD: 2048 GB each, 0 HDD, 48 RAM, 64 GB each, 4 GPUs Nvidia H100 PCIe 80 GB (Hubblo), electricty consumption based on NegaOctet server with only 1 GPU);;2-Equipement;NegaOctet-20220211 + ACV Hubblo (https://data.hubblo.org/gpu);Datacenter;Item;4290;NULL;NULL
RESOURCE_USE;TRANSPORTATION;Medium AI Server (4 × H100 PCIe 80G);IT equipment;10512;Rack server NO, 2 processor high-end, 4 SSD: 2048 GB each, 0 HDD, 48 RAM, 64 GB each, 4 GPUs Nvidia H100 PCIe 80 GB (Hubblo), electricty consumption based on NegaOctet server with only 1 GPU);;2-Equipement;NegaOctet-20220211 + ACV Hubblo (https://data.hubblo.org/gpu);Datacenter;Item;0.00000909;NULL;NULL
RESOURCE_USE_FOSSILS;TRANSPORTATION;Medium AI Server (4 × H100 PCIe 80G);IT equipment;10512;Rack server NO, 2 processor high-end, 4 SSD: 2048 GB each, 0 HDD, 48 RAM, 64 GB each, 4 GPUs Nvidia H100 PCIe 80 GB (Hubblo), electricty consumption based on NegaOctet server with only 1 GPU);;2-Equipement;NegaOctet-20220211 + ACV Hubblo (https://data.hubblo.org/gpu);Datacenter;Item;3300;NULL;NULL
ACIDIFICATION;TRANSPORTATION;Medium AI Server (4 × H100 PCIe 80G);IT equipment;10512;Rack server NO, 2 processor high-end, 4 SSD: 2048 GB each, 0 HDD, 48 RAM, 64 GB each, 4 GPUs Nvidia H100 PCIe 80 GB (Hubblo), electricty consumption based on NegaOctet server with only 1 GPU);;2-Equipement;NegaOctet-20220211 + ACV Hubblo (https://data.hubblo.org/gpu);Datacenter;Item;1.5;NULL;NULL
EUTROPHICATION_FRESHWATER;TRANSPORTATION;Medium AI Server (4 × H100 PCIe 80G);IT equipment;10512;Rack server NO, 2 processor high-end, 4 SSD: 2048 GB each, 0 HDD, 48 RAM, 64 GB each, 4 GPUs Nvidia H100 PCIe 80 GB (Hubblo), electricty consumption based on NegaOctet server with only 1 GPU);;2-Equipement;NegaOctet-20220211 + ACV Hubblo (https://data.hubblo.org/gpu);Datacenter;Item;0.000124;NULL;NULL
EUTROPHICATION_MARINE;TRANSPORTATION;Medium AI Server (4 × H100 PCIe 80G);IT equipment;10512;Rack server NO, 2 processor high-end, 4 SSD: 2048 GB each, 0 HDD, 48 RAM, 64 GB each, 4 GPUs Nvidia H100 PCIe 80 GB (Hubblo), electricty consumption based on NegaOctet server with only 1 GPU);;2-Equipement;NegaOctet-20220211 + ACV Hubblo (https://data.hubblo.org/gpu);Datacenter;Item;0.706;NULL;NULL
EUTROPHICATION_TERRESTRIAL;TRANSPORTATION;Medium AI Server (4 × H100 PCIe 80G);IT equipment;10512;Rack server NO, 2 processor high-end, 4 SSD: 2048 GB each, 0 HDD, 48 RAM, 64 GB each, 4 GPUs Nvidia H100 PCIe 80 GB (Hubblo), electricty consumption based on NegaOctet server with only 1 GPU);;2-Equipement;NegaOctet-20220211 + ACV Hubblo (https://data.hubblo.org/gpu);Datacenter;Item;7.28;NULL;NULL
CLIMATE_CHANGE;TRANSPORTATION;Medium AI Server (4 × H100 PCIe 80G);IT equipment;10512;Rack server NO, 2 processor high-end, 4 SSD: 2048 GB each, 0 HDD, 48 RAM, 64 GB each, 4 GPUs Nvidia H100 PCIe 80 GB (Hubblo), electricty consumption based on NegaOctet server with only 1 GPU);;2-Equipement;NegaOctet-20220211 + ACV Hubblo (https://data.hubblo.org/gpu);Datacenter;Item;354;NULL;NULL
IONISING_RADIATION;TRANSPORTATION;Medium AI Server (4 × H100 PCIe 80G);IT equipment;10512;Rack server NO, 2 processor high-end, 4 SSD: 2048 GB each, 0 HDD, 48 RAM, 64 GB each, 4 GPUs Nvidia H100 PCIe 80 GB (Hubblo), electricty consumption based on NegaOctet server with only 1 GPU);;2-Equipement;NegaOctet-20220211 + ACV Hubblo (https://data.hubblo.org/gpu);Datacenter;Item;2.18;NULL;NULL
OZONE_DEPLETION;TRANSPORTATION;Medium AI Server (4 × H100 PCIe 80G);IT equipment;10512;Rack server NO, 2 processor high-end, 4 SSD: 2048 GB each, 0 HDD, 48 RAM, 64 GB each, 4 GPUs Nvidia H100 PCIe 80 GB (Hubblo), electricty consumption based on NegaOctet server with only 1 GPU);;2-Equipement;NegaOctet-20220211 + ACV Hubblo (https://data.hubblo.org/gpu);Datacenter;Item;0.000001;NULL;NULL
PARTICULATE_MATTER;TRANSPORTATION;Medium AI Server (4 × H100 PCIe 80G);IT equipment;10512;Rack server NO, 2 processor high-end, 4 SSD: 2048 GB each, 0 HDD, 48 RAM, 64 GB each, 4 GPUs Nvidia H100 PCIe 80 GB (Hubblo), electricty consumption based on NegaOctet server with only 1 GPU);;2-Equipement;NegaOctet-20220211 + ACV Hubblo (https://data.hubblo.org/gpu);Datacenter;Item;0.00000926;NULL;NULL
PHOTOCHEMICAL_OZONE_FORMATION;TRANSPORTATION;Medium AI Server (4 × H100 PCIe 80G);IT equipment;10512;Rack server NO, 2 processor high-end, 4 SSD: 2048 GB each, 0 HDD, 48 RAM, 64 GB each, 4 GPUs Nvidia H100 PCIe 80 GB (Hubblo), electricty consumption based on NegaOctet server with only 1 GPU);;2-Equipement;NegaOctet-20220211 + ACV Hubblo (https://data.hubblo.org/gpu);Datacenter;Item;1.9;NULL;NULL
WATER_USE;TRANSPORTATION;Medium AI Server (4 × H100 PCIe 80G);IT equipment;10512;Rack server NO, 2 processor high-end, 4 SSD: 2048 GB each, 0 HDD, 48 RAM, 64 GB each, 4 GPUs Nvidia H100 PCIe 80 GB (Hubblo), electricty consumption based on NegaOctet server with only 1 GPU);;2-Equipement;NegaOctet-20220211 + ACV Hubblo (https://data.hubblo.org/gpu);Datacenter;Item;1.8;NULL;NULL
RESOURCE_USE;USING;Medium AI Server (4 × H100 PCIe 80G);IT equipment;10512;Rack server NO, 2 processor high-end, 4 SSD: 2048 GB each, 0 HDD, 48 RAM, 64 GB each, 4 GPUs Nvidia H100 PCIe 80 GB (Hubblo), electricty consumption based on NegaOctet server with only 1 GPU);;2-Equipement;NegaOctet-20220211 + ACV Hubblo (https://data.hubblo.org/gpu);Datacenter;Item;0;NULL;NULL
RESOURCE_USE_FOSSILS;USING;Medium AI Server (4 × H100 PCIe 80G);IT equipment;10512;Rack server NO, 2 processor high-end, 4 SSD: 2048 GB each, 0 HDD, 48 RAM, 64 GB each, 4 GPUs Nvidia H100 PCIe 80 GB (Hubblo), electricty consumption based on NegaOctet server with only 1 GPU);;2-Equipement;NegaOctet-20220211 + ACV Hubblo (https://data.hubblo.org/gpu);Datacenter;Item;0;NULL;NULL
ACIDIFICATION;USING;Medium AI Server (4 × H100 PCIe 80G);IT equipment;10512;Rack server NO, 2 processor high-end, 4 SSD: 2048 GB each, 0 HDD, 48 RAM, 64 GB each, 4 GPUs Nvidia H100 PCIe 80 GB (Hubblo), electricty consumption based on NegaOctet server with only 1 GPU);;2-Equipement;NegaOctet-20220211 + ACV Hubblo (https://data.hubblo.org/gpu);Datacenter;Item;0;NULL;NULL
EUTROPHICATION_FRESHWATER;USING;Medium AI Server (4 × H100 PCIe 80G);IT equipment;10512;Rack server NO, 2 processor high-end, 4 SSD: 2048 GB each, 0 HDD, 48 RAM, 64 GB each, 4 GPUs Nvidia H100 PCIe 80 GB (Hubblo), electricty consumption based on NegaOctet server with only 1 GPU);;2-Equipement;NegaOctet-20220211 + ACV Hubblo (https://data.hubblo.org/gpu);Datacenter;Item;0;NULL;NULL
EUTROPHICATION_MARINE;USING;Medium AI Server (4 × H100 PCIe 80G);IT equipment;10512;Rack server NO, 2 processor high-end, 4 SSD: 2048 GB each, 0 HDD, 48 RAM, 64 GB each, 4 GPUs Nvidia H100 PCIe 80 GB (Hubblo), electricty consumption based on NegaOctet server with only 1 GPU);;2-Equipement;NegaOctet-20220211 + ACV Hubblo (https://data.hubblo.org/gpu);Datacenter;Item;0;NULL;NULL
EUTROPHICATION_TERRESTRIAL;USING;Medium AI Server (4 × H100 PCIe 80G);IT equipment;10512;Rack server NO, 2 processor high-end, 4 SSD: 2048 GB each, 0 HDD, 48 RAM, 64 GB each, 4 GPUs Nvidia H100 PCIe 80 GB (Hubblo), electricty consumption based on NegaOctet server with only 1 GPU);;2-Equipement;NegaOctet-20220211 + ACV Hubblo (https://data.hubblo.org/gpu);Datacenter;Item;0;NULL;NULL
CLIMATE_CHANGE;USING;Medium AI Server (4 × H100 PCIe 80G);IT equipment;10512;Rack server NO, 2 processor high-end, 4 SSD: 2048 GB each, 0 HDD, 48 RAM, 64 GB each, 4 GPUs Nvidia H100 PCIe 80 GB (Hubblo), electricty consumption based on NegaOctet server with only 1 GPU);;2-Equipement;NegaOctet-20220211 + ACV Hubblo (https://data.hubblo.org/gpu);Datacenter;Item;0;NULL;NULL
IONISING_RADIATION;USING;Medium AI Server (4 × H100 PCIe 80G);IT equipment;10512;Rack server NO, 2 processor high-end, 4 SSD: 2048 GB each, 0 HDD, 48 RAM, 64 GB each, 4 GPUs Nvidia H100 PCIe 80 GB (Hubblo), electricty consumption based on NegaOctet server with only 1 GPU);;2-Equipement;NegaOctet-20220211 + ACV Hubblo (https://data.hubblo.org/gpu);Datacenter;Item;0;NULL;NULL
OZONE_DEPLETION;USING;Medium AI Server (4 × H100 PCIe 80G);IT equipment;10512;Rack server NO, 2 processor high-end, 4 SSD: 2048 GB each, 0 HDD, 48 RAM, 64 GB each, 4 GPUs Nvidia H100 PCIe 80 GB (Hubblo), electricty consumption based on NegaOctet server with only 1 GPU);;2-Equipement;NegaOctet-20220211 + ACV Hubblo (https://data.hubblo.org/gpu);Datacenter;Item;0;NULL;NULL
PARTICULATE_MATTER;USING;Medium AI Server (4 × H100 PCIe 80G);IT equipment;10512;Rack server NO, 2 processor high-end, 4 SSD: 2048 GB each, 0 HDD, 48 RAM, 64 GB each, 4 GPUs Nvidia H100 PCIe 80 GB (Hubblo), electricty consumption based on NegaOctet server with only 1 GPU);;2-Equipement;NegaOctet-20220211 + ACV Hubblo (https://data.hubblo.org/gpu);Datacenter;Item;0;NULL;NULL
PHOTOCHEMICAL_OZONE_FORMATION;USING;Medium AI Server (4 × H100 PCIe 80G);IT equipment;10512;Rack server NO, 2 processor high-end, 4 SSD: 2048 GB each, 0 HDD, 48 RAM, 64 GB each, 4 GPUs Nvidia H100 PCIe 80 GB (Hubblo), electricty consumption based on NegaOctet server with only 1 GPU);;2-Equipement;NegaOctet-20220211 + ACV Hubblo (https://data.hubblo.org/gpu);Datacenter;Item;0;NULL;NULL
WATER_USE;USING;Medium AI Server (4 × H100 PCIe 80G);IT equipment;10512;Rack server NO, 2 processor high-end, 4 SSD: 2048 GB each, 0 HDD, 48 RAM, 64 GB each, 4 GPUs Nvidia H100 PCIe 80 GB (Hubblo), electricty consumption based on NegaOctet server with only 1 GPU);;2-Equipement;NegaOctet-20220211 + ACV Hubblo (https://data.hubblo.org/gpu);Datacenter;Item;0;NULL;NULL
RESOURCE_USE;END_OF_LIFE;Medium AI Server (4 × H100 PCIe 80G);IT equipment;10512;Rack server NO, 2 processor high-end, 4 SSD: 2048 GB each, 0 HDD, 48 RAM, 64 GB each, 4 GPUs Nvidia H100 PCIe 80 GB (Hubblo), electricty consumption based on NegaOctet server with only 1 GPU);;2-Equipement;NegaOctet-20220211 + ACV Hubblo (https://data.hubblo.org/gpu);Datacenter;Item;0.0000487;NULL;NULL
RESOURCE_USE_FOSSILS;END_OF_LIFE;Medium AI Server (4 × H100 PCIe 80G);IT equipment;10512;Rack server NO, 2 processor high-end, 4 SSD: 2048 GB each, 0 HDD, 48 RAM, 64 GB each, 4 GPUs Nvidia H100 PCIe 80 GB (Hubblo), electricty consumption based on NegaOctet server with only 1 GPU);;2-Equipement;NegaOctet-20220211 + ACV Hubblo (https://data.hubblo.org/gpu);Datacenter;Item;347;NULL;NULL
ACIDIFICATION;END_OF_LIFE;Medium AI Server (4 × H100 PCIe 80G);IT equipment;10512;Rack server NO, 2 processor high-end, 4 SSD: 2048 GB each, 0 HDD, 48 RAM, 64 GB each, 4 GPUs Nvidia H100 PCIe 80 GB (Hubblo), electricty consumption based on NegaOctet server with only 1 GPU);;2-Equipement;NegaOctet-20220211 + ACV Hubblo (https://data.hubblo.org/gpu);Datacenter;Item;0.525;NULL;NULL
EUTROPHICATION_FRESHWATER;END_OF_LIFE;Medium AI Server (4 × H100 PCIe 80G);IT equipment;10512;Rack server NO, 2 processor high-end, 4 SSD: 2048 GB each, 0 HDD, 48 RAM, 64 GB each, 4 GPUs Nvidia H100 PCIe 80 GB (Hubblo), electricty consumption based on NegaOctet server with only 1 GPU);;2-Equipement;NegaOctet-20220211 + ACV Hubblo (https://data.hubblo.org/gpu);Datacenter;Item;0.000605;NULL;NULL
EUTROPHICATION_MARINE;END_OF_LIFE;Medium AI Server (4 × H100 PCIe 80G);IT equipment;10512;Rack server NO, 2 processor high-end, 4 SSD: 2048 GB each, 0 HDD, 48 RAM, 64 GB each, 4 GPUs Nvidia H100 PCIe 80 GB (Hubblo), electricty consumption based on NegaOctet server with only 1 GPU);;2-Equipement;NegaOctet-20220211 + ACV Hubblo (https://data.hubblo.org/gpu);Datacenter;Item;0.472;NULL;NULL
EUTROPHICATION_TERRESTRIAL;END_OF_LIFE;Medium AI Server (4 × H100 PCIe 80G);IT equipment;10512;Rack server NO, 2 processor high-end, 4 SSD: 2048 GB each, 0 HDD, 48 RAM, 64 GB each, 4 GPUs Nvidia H100 PCIe 80 GB (Hubblo), electricty consumption based on NegaOctet server with only 1 GPU);;2-Equipement;NegaOctet-20220211 + ACV Hubblo (https://data.hubblo.org/gpu);Datacenter;Item;0.34;NULL;NULL
CLIMATE_CHANGE;END_OF_LIFE;Medium AI Server (4 × H100 PCIe 80G);IT equipment;10512;Rack server NO, 2 processor high-end, 4 SSD: 2048 GB each, 0 HDD, 48 RAM, 64 GB each, 4 GPUs Nvidia H100 PCIe 80 GB (Hubblo), electricty consumption based on NegaOctet server with only 1 GPU);;2-Equipement;NegaOctet-20220211 + ACV Hubblo (https://data.hubblo.org/gpu);Datacenter;Item;35.6;NULL;NULL
IONISING_RADIATION;END_OF_LIFE;Medium AI Server (4 × H100 PCIe 80G);IT equipment;10512;Rack server NO, 2 processor high-end, 4 SSD: 2048 GB each, 0 HDD, 48 RAM, 64 GB each, 4 GPUs Nvidia H100 PCIe 80 GB (Hubblo), electricty consumption based on NegaOctet server with only 1 GPU);;2-Equipement;NegaOctet-20220211 + ACV Hubblo (https://data.hubblo.org/gpu);Datacenter;Item;3.06;NULL;NULL
OZONE_DEPLETION;END_OF_LIFE;Medium AI Server (4 × H100 PCIe 80G);IT equipment;10512;Rack server NO, 2 processor high-end, 4 SSD: 2048 GB each, 0 HDD, 48 RAM, 64 GB each, 4 GPUs Nvidia H100 PCIe 80 GB (Hubblo), electricty consumption based on NegaOctet server with only 1 GPU);;2-Equipement;NegaOctet-20220211 + ACV Hubblo (https://data.hubblo.org/gpu);Datacenter;Item;0.00000338;NULL;NULL
PARTICULATE_MATTER;END_OF_LIFE;Medium AI Server (4 × H100 PCIe 80G);IT equipment;10512;Rack server NO, 2 processor high-end, 4 SSD: 2048 GB each, 0 HDD, 48 RAM, 64 GB each, 4 GPUs Nvidia H100 PCIe 80 GB (Hubblo), electricty consumption based on NegaOctet server with only 1 GPU);;2-Equipement;NegaOctet-20220211 + ACV Hubblo (https://data.hubblo.org/gpu);Datacenter;Item;0.0000022;NULL;NULL
PHOTOCHEMICAL_OZONE_FORMATION;END_OF_LIFE;Medium AI Server (4 × H100 PCIe 80G);IT equipment;10512;Rack server NO, 2 processor high-end, 4 SSD: 2048 GB each, 0 HDD, 48 RAM, 64 GB each, 4 GPUs Nvidia H100 PCIe 80 GB (Hubblo), electricty consumption based on NegaOctet server with only 1 GPU);;2-Equipement;NegaOctet-20220211 + ACV Hubblo (https://data.hubblo.org/gpu);Datacenter;Item;0.128;NULL;NULL
WATER_USE;END_OF_LIFE;Medium AI Server (4 × H100 PCIe 80G);IT equipment;10512;Rack server NO, 2 processor high-end, 4 SSD: 2048 GB each, 0 HDD, 48 RAM, 64 GB each, 4 GPUs Nvidia H100 PCIe 80 GB (Hubblo), electricty consumption based on NegaOctet server with only 1 GPU);;2-Equipement;NegaOctet-20220211 + ACV Hubblo (https://data.hubblo.org/gpu);Datacenter;Item;15600;NULL;NULL
RESOURCE_USE;MANUFACTURING;Large Old AI Server (8 × A100 SXM4 40Go);IT equipment;10512;Rack server NO, 2 processor high-end, 4 SSD: 2048 GB each, 0 HDD, 48 RAM, 64 GB each, 8 GPUs Nvidia A100 SXM4 40 GB (Hubblo), electricty consumption based on NegaOctet server with only 1 GPU);;2-Equipement;NegaOctet-20220211 + ACV Hubblo (https://data.hubblo.org/gpu);Datacenter;Item;0.126;NULL;NULL
RESOURCE_USE_FOSSILS;MANUFACTURING;Large Old AI Server (8 × A100 SXM4 40Go);IT equipment;10512;Rack server NO, 2 processor high-end, 4 SSD: 2048 GB each, 0 HDD, 48 RAM, 64 GB each, 8 GPUs Nvidia A100 SXM4 40 GB (Hubblo), electricty consumption based on NegaOctet server with only 1 GPU);;2-Equipement;NegaOctet-20220211 + ACV Hubblo (https://data.hubblo.org/gpu);Datacenter;Item;122000;NULL;NULL
ACIDIFICATION;MANUFACTURING;Large Old AI Server (8 × A100 SXM4 40Go);IT equipment;10512;Rack server NO, 2 processor high-end, 4 SSD: 2048 GB each, 0 HDD, 48 RAM, 64 GB each, 8 GPUs Nvidia A100 SXM4 40 GB (Hubblo), electricty consumption based on NegaOctet server with only 1 GPU);;2-Equipement;NegaOctet-20220211 + ACV Hubblo (https://data.hubblo.org/gpu);Datacenter;Item;53.4;NULL;NULL
EUTROPHICATION_FRESHWATER;MANUFACTURING;Large Old AI Server (8 × A100 SXM4 40Go);IT equipment;10512;Rack server NO, 2 processor high-end, 4 SSD: 2048 GB each, 0 HDD, 48 RAM, 64 GB each, 8 GPUs Nvidia A100 SXM4 40 GB (Hubblo), electricty consumption based on NegaOctet server with only 1 GPU);;2-Equipement;NegaOctet-20220211 + ACV Hubblo (https://data.hubblo.org/gpu);Datacenter;Item;0.0427;NULL;NULL
EUTROPHICATION_MARINE;MANUFACTURING;Large Old AI Server (8 × A100 SXM4 40Go);IT equipment;10512;Rack server NO, 2 processor high-end, 4 SSD: 2048 GB each, 0 HDD, 48 RAM, 64 GB each, 8 GPUs Nvidia A100 SXM4 40 GB (Hubblo), electricty consumption based on NegaOctet server with only 1 GPU);;2-Equipement;NegaOctet-20220211 + ACV Hubblo (https://data.hubblo.org/gpu);Datacenter;Item;6.15;NULL;NULL
EUTROPHICATION_TERRESTRIAL;MANUFACTURING;Large Old AI Server (8 × A100 SXM4 40Go);IT equipment;10512;Rack server NO, 2 processor high-end, 4 SSD: 2048 GB each, 0 HDD, 48 RAM, 64 GB each, 8 GPUs Nvidia A100 SXM4 40 GB (Hubblo), electricty consumption based on NegaOctet server with only 1 GPU);;2-Equipement;NegaOctet-20220211 + ACV Hubblo (https://data.hubblo.org/gpu);Datacenter;Item;64.3;NULL;NULL
CLIMATE_CHANGE;MANUFACTURING;Large Old AI Server (8 × A100 SXM4 40Go);IT equipment;10512;Rack server NO, 2 processor high-end, 4 SSD: 2048 GB each, 0 HDD, 48 RAM, 64 GB each, 8 GPUs Nvidia A100 SXM4 40 GB (Hubblo), electricty consumption based on NegaOctet server with only 1 GPU);;2-Equipement;NegaOctet-20220211 + ACV Hubblo (https://data.hubblo.org/gpu);Datacenter;Item;9190;NULL;NULL
IONISING_RADIATION;MANUFACTURING;Large Old AI Server (8 × A100 SXM4 40Go);IT equipment;10512;Rack server NO, 2 processor high-end, 4 SSD: 2048 GB each, 0 HDD, 48 RAM, 64 GB each, 8 GPUs Nvidia A100 SXM4 40 GB (Hubblo), electricty consumption based on NegaOctet server with only 1 GPU);;2-Equipement;NegaOctet-20220211 + ACV Hubblo (https://data.hubblo.org/gpu);Datacenter;Item;6210;NULL;NULL
OZONE_DEPLETION;MANUFACTURING;Large Old AI Server (8 × A100 SXM4 40Go);IT equipment;10512;Rack server NO, 2 processor high-end, 4 SSD: 2048 GB each, 0 HDD, 48 RAM, 64 GB each, 8 GPUs Nvidia A100 SXM4 40 GB (Hubblo), electricty consumption based on NegaOctet server with only 1 GPU);;2-Equipement;NegaOctet-20220211 + ACV Hubblo (https://data.hubblo.org/gpu);Datacenter;Item;0.0038;NULL;NULL
PARTICULATE_MATTER;MANUFACTURING;Large Old AI Server (8 × A100 SXM4 40Go);IT equipment;10512;Rack server NO, 2 processor high-end, 4 SSD: 2048 GB each, 0 HDD, 48 RAM, 64 GB each, 8 GPUs Nvidia A100 SXM4 40 GB (Hubblo), electricty consumption based on NegaOctet server with only 1 GPU);;2-Equipement;NegaOctet-20220211 + ACV Hubblo (https://data.hubblo.org/gpu);Datacenter;Item;0.000297;NULL;NULL
PHOTOCHEMICAL_OZONE_FORMATION;MANUFACTURING;Large Old AI Server (8 × A100 SXM4 40Go);IT equipment;10512;Rack server NO, 2 processor high-end, 4 SSD: 2048 GB each, 0 HDD, 48 RAM, 64 GB each, 8 GPUs Nvidia A100 SXM4 40 GB (Hubblo), electricty consumption based on NegaOctet server with only 1 GPU);;2-Equipement;NegaOctet-20220211 + ACV Hubblo (https://data.hubblo.org/gpu);Datacenter;Item;20.4;NULL;NULL
WATER_USE;MANUFACTURING;Large Old AI Server (8 × A100 SXM4 40Go);IT equipment;10512;Rack server NO, 2 processor high-end, 4 SSD: 2048 GB each, 0 HDD, 48 RAM, 64 GB each, 8 GPUs Nvidia A100 SXM4 40 GB (Hubblo), electricty consumption based on NegaOctet server with only 1 GPU);;2-Equipement;NegaOctet-20220211 + ACV Hubblo (https://data.hubblo.org/gpu);Datacenter;Item;4020;NULL;NULL
RESOURCE_USE;TRANSPORTATION;Large Old AI Server (8 × A100 SXM4 40Go);IT equipment;10512;Rack server NO, 2 processor high-end, 4 SSD: 2048 GB each, 0 HDD, 48 RAM, 64 GB each, 8 GPUs Nvidia A100 SXM4 40 GB (Hubblo), electricty consumption based on NegaOctet server with only 1 GPU);;2-Equipement;NegaOctet-20220211 + ACV Hubblo (https://data.hubblo.org/gpu);Datacenter;Item;0.0000138;NULL;NULL
RESOURCE_USE_FOSSILS;TRANSPORTATION;Large Old AI Server (8 × A100 SXM4 40Go);IT equipment;10512;Rack server NO, 2 processor high-end, 4 SSD: 2048 GB each, 0 HDD, 48 RAM, 64 GB each, 8 GPUs Nvidia A100 SXM4 40 GB (Hubblo), electricty consumption based on NegaOctet server with only 1 GPU);;2-Equipement;NegaOctet-20220211 + ACV Hubblo (https://data.hubblo.org/gpu);Datacenter;Item;4980;NULL;NULL
ACIDIFICATION;TRANSPORTATION;Large Old AI Server (8 × A100 SXM4 40Go);IT equipment;10512;Rack server NO, 2 processor high-end, 4 SSD: 2048 GB each, 0 HDD, 48 RAM, 64 GB each, 8 GPUs Nvidia A100 SXM4 40 GB (Hubblo), electricty consumption based on NegaOctet server with only 1 GPU);;2-Equipement;NegaOctet-20220211 + ACV Hubblo (https://data.hubblo.org/gpu);Datacenter;Item;1.5;NULL;NULL
EUTROPHICATION_FRESHWATER;TRANSPORTATION;Large Old AI Server (8 × A100 SXM4 40Go);IT equipment;10512;Rack server NO, 2 processor high-end, 4 SSD: 2048 GB each, 0 HDD, 48 RAM, 64 GB each, 8 GPUs Nvidia A100 SXM4 40 GB (Hubblo), electricty consumption based on NegaOctet server with only 1 GPU);;2-Equipement;NegaOctet-20220211 + ACV Hubblo (https://data.hubblo.org/gpu);Datacenter;Item;0.000124;NULL;NULL
EUTROPHICATION_MARINE;TRANSPORTATION;Large Old AI Server (8 × A100 SXM4 40Go);IT equipment;10512;Rack server NO, 2 processor high-end, 4 SSD: 2048 GB each, 0 HDD, 48 RAM, 64 GB each, 8 GPUs Nvidia A100 SXM4 40 GB (Hubblo), electricty consumption based on NegaOctet server with only 1 GPU);;2-Equipement;NegaOctet-20220211 + ACV Hubblo (https://data.hubblo.org/gpu);Datacenter;Item;0.665;NULL;NULL
EUTROPHICATION_TERRESTRIAL;TRANSPORTATION;Large Old AI Server (8 × A100 SXM4 40Go);IT equipment;10512;Rack server NO, 2 processor high-end, 4 SSD: 2048 GB each, 0 HDD, 48 RAM, 64 GB each, 8 GPUs Nvidia A100 SXM4 40 GB (Hubblo), electricty consumption based on NegaOctet server with only 1 GPU);;2-Equipement;NegaOctet-20220211 + ACV Hubblo (https://data.hubblo.org/gpu);Datacenter;Item;7.28;NULL;NULL
CLIMATE_CHANGE;TRANSPORTATION;Large Old AI Server (8 × A100 SXM4 40Go);IT equipment;10512;Rack server NO, 2 processor high-end, 4 SSD: 2048 GB each, 0 HDD, 48 RAM, 64 GB each, 8 GPUs Nvidia A100 SXM4 40 GB (Hubblo), electricty consumption based on NegaOctet server with only 1 GPU);;2-Equipement;NegaOctet-20220211 + ACV Hubblo (https://data.hubblo.org/gpu);Datacenter;Item;354;NULL;NULL
IONISING_RADIATION;TRANSPORTATION;Large Old AI Server (8 × A100 SXM4 40Go);IT equipment;10512;Rack server NO, 2 processor high-end, 4 SSD: 2048 GB each, 0 HDD, 48 RAM, 64 GB each, 8 GPUs Nvidia A100 SXM4 40 GB (Hubblo), electricty consumption based on NegaOctet server with only 1 GPU);;2-Equipement;NegaOctet-20220211 + ACV Hubblo (https://data.hubblo.org/gpu);Datacenter;Item;2.14;NULL;NULL
OZONE_DEPLETION;TRANSPORTATION;Large Old AI Server (8 × A100 SXM4 40Go);IT equipment;10512;Rack server NO, 2 processor high-end, 4 SSD: 2048 GB each, 0 HDD, 48 RAM, 64 GB each, 8 GPUs Nvidia A100 SXM4 40 GB (Hubblo), electricty consumption based on NegaOctet server with only 1 GPU);;2-Equipement;NegaOctet-20220211 + ACV Hubblo (https://data.hubblo.org/gpu);Datacenter;Item;0.000001;NULL;NULL
PARTICULATE_MATTER;TRANSPORTATION;Large Old AI Server (8 × A100 SXM4 40Go);IT equipment;10512;Rack server NO, 2 processor high-end, 4 SSD: 2048 GB each, 0 HDD, 48 RAM, 64 GB each, 8 GPUs Nvidia A100 SXM4 40 GB (Hubblo), electricty consumption based on NegaOctet server with only 1 GPU);;2-Equipement;NegaOctet-20220211 + ACV Hubblo (https://data.hubblo.org/gpu);Datacenter;Item;0.00000926;NULL;NULL
PHOTOCHEMICAL_OZONE_FORMATION;TRANSPORTATION;Large Old AI Server (8 × A100 SXM4 40Go);IT equipment;10512;Rack server NO, 2 processor high-end, 4 SSD: 2048 GB each, 0 HDD, 48 RAM, 64 GB each, 8 GPUs Nvidia A100 SXM4 40 GB (Hubblo), electricty consumption based on NegaOctet server with only 1 GPU);;2-Equipement;NegaOctet-20220211 + ACV Hubblo (https://data.hubblo.org/gpu);Datacenter;Item;1.79;NULL;NULL
WATER_USE;TRANSPORTATION;Large Old AI Server (8 × A100 SXM4 40Go);IT equipment;10512;Rack server NO, 2 processor high-end, 4 SSD: 2048 GB each, 0 HDD, 48 RAM, 64 GB each, 8 GPUs Nvidia A100 SXM4 40 GB (Hubblo), electricty consumption based on NegaOctet server with only 1 GPU);;2-Equipement;NegaOctet-20220211 + ACV Hubblo (https://data.hubblo.org/gpu);Datacenter;Item;1.8;NULL;NULL
RESOURCE_USE;USING;Large Old AI Server (8 × A100 SXM4 40Go);IT equipment;10512;Rack server NO, 2 processor high-end, 4 SSD: 2048 GB each, 0 HDD, 48 RAM, 64 GB each, 8 GPUs Nvidia A100 SXM4 40 GB (Hubblo), electricty consumption based on NegaOctet server with only 1 GPU);;2-Equipement;NegaOctet-20220211 + ACV Hubblo (https://data.hubblo.org/gpu);Datacenter;Item;0;NULL;NULL
RESOURCE_USE_FOSSILS;USING;Large Old AI Server (8 × A100 SXM4 40Go);IT equipment;10512;Rack server NO, 2 processor high-end, 4 SSD: 2048 GB each, 0 HDD, 48 RAM, 64 GB each, 8 GPUs Nvidia A100 SXM4 40 GB (Hubblo), electricty consumption based on NegaOctet server with only 1 GPU);;2-Equipement;NegaOctet-20220211 + ACV Hubblo (https://data.hubblo.org/gpu);Datacenter;Item;0;NULL;NULL
ACIDIFICATION;USING;Large Old AI Server (8 × A100 SXM4 40Go);IT equipment;10512;Rack server NO, 2 processor high-end, 4 SSD: 2048 GB each, 0 HDD, 48 RAM, 64 GB each, 8 GPUs Nvidia A100 SXM4 40 GB (Hubblo), electricty consumption based on NegaOctet server with only 1 GPU);;2-Equipement;NegaOctet-20220211 + ACV Hubblo (https://data.hubblo.org/gpu);Datacenter;Item;0;NULL;NULL
EUTROPHICATION_FRESHWATER;USING;Large Old AI Server (8 × A100 SXM4 40Go);IT equipment;10512;Rack server NO, 2 processor high-end, 4 SSD: 2048 GB each, 0 HDD, 48 RAM, 64 GB each, 8 GPUs Nvidia A100 SXM4 40 GB (Hubblo), electricty consumption based on NegaOctet server with only 1 GPU);;2-Equipement;NegaOctet-20220211 + ACV Hubblo (https://data.hubblo.org/gpu);Datacenter;Item;0;NULL;NULL
EUTROPHICATION_MARINE;USING;Large Old AI Server (8 × A100 SXM4 40Go);IT equipment;10512;Rack server NO, 2 processor high-end, 4 SSD: 2048 GB each, 0 HDD, 48 RAM, 64 GB each, 8 GPUs Nvidia A100 SXM4 40 GB (Hubblo), electricty consumption based on NegaOctet server with only 1 GPU);;2-Equipement;NegaOctet-20220211 + ACV Hubblo (https://data.hubblo.org/gpu);Datacenter;Item;0;NULL;NULL
EUTROPHICATION_TERRESTRIAL;USING;Large Old AI Server (8 × A100 SXM4 40Go);IT equipment;10512;Rack server NO, 2 processor high-end, 4 SSD: 2048 GB each, 0 HDD, 48 RAM, 64 GB each, 8 GPUs Nvidia A100 SXM4 40 GB (Hubblo), electricty consumption based on NegaOctet server with only 1 GPU);;2-Equipement;NegaOctet-20220211 + ACV Hubblo (https://data.hubblo.org/gpu);Datacenter;Item;0;NULL;NULL
CLIMATE_CHANGE;USING;Large Old AI Server (8 × A100 SXM4 40Go);IT equipment;10512;Rack server NO, 2 processor high-end, 4 SSD: 2048 GB each, 0 HDD, 48 RAM, 64 GB each, 8 GPUs Nvidia A100 SXM4 40 GB (Hubblo), electricty consumption based on NegaOctet server with only 1 GPU);;2-Equipement;NegaOctet-20220211 + ACV Hubblo (https://data.hubblo.org/gpu);Datacenter;Item;0;NULL;NULL
IONISING_RADIATION;USING;Large Old AI Server (8 × A100 SXM4 40Go);IT equipment;10512;Rack server NO, 2 processor high-end, 4 SSD: 2048 GB each, 0 HDD, 48 RAM, 64 GB each, 8 GPUs Nvidia A100 SXM4 40 GB (Hubblo), electricty consumption based on NegaOctet server with only 1 GPU);;2-Equipement;NegaOctet-20220211 + ACV Hubblo (https://data.hubblo.org/gpu);Datacenter;Item;0;NULL;NULL
OZONE_DEPLETION;USING;Large Old AI Server (8 × A100 SXM4 40Go);IT equipment;10512;Rack server NO, 2 processor high-end, 4 SSD: 2048 GB each, 0 HDD, 48 RAM, 64 GB each, 8 GPUs Nvidia A100 SXM4 40 GB (Hubblo), electricty consumption based on NegaOctet server with only 1 GPU);;2-Equipement;NegaOctet-20220211 + ACV Hubblo (https://data.hubblo.org/gpu);Datacenter;Item;0;NULL;NULL
PARTICULATE_MATTER;USING;Large Old AI Server (8 × A100 SXM4 40Go);IT equipment;10512;Rack server NO, 2 processor high-end, 4 SSD: 2048 GB each, 0 HDD, 48 RAM, 64 GB each, 8 GPUs Nvidia A100 SXM4 40 GB (Hubblo), electricty consumption based on NegaOctet server with only 1 GPU);;2-Equipement;NegaOctet-20220211 + ACV Hubblo (https://data.hubblo.org/gpu);Datacenter;Item;0;NULL;NULL
PHOTOCHEMICAL_OZONE_FORMATION;USING;Large Old AI Server (8 × A100 SXM4 40Go);IT equipment;10512;Rack server NO, 2 processor high-end, 4 SSD: 2048 GB each, 0 HDD, 48 RAM, 64 GB each, 8 GPUs Nvidia A100 SXM4 40 GB (Hubblo), electricty consumption based on NegaOctet server with only 1 GPU);;2-Equipement;NegaOctet-20220211 + ACV Hubblo (https://data.hubblo.org/gpu);Datacenter;Item;0;NULL;NULL
WATER_USE;USING;Large Old AI Server (8 × A100 SXM4 40Go);IT equipment;10512;Rack server NO, 2 processor high-end, 4 SSD: 2048 GB each, 0 HDD, 48 RAM, 64 GB each, 8 GPUs Nvidia A100 SXM4 40 GB (Hubblo), electricty consumption based on NegaOctet server with only 1 GPU);;2-Equipement;NegaOctet-20220211 + ACV Hubblo (https://data.hubblo.org/gpu);Datacenter;Item;0;NULL;NULL
RESOURCE_USE;END_OF_LIFE;Large Old AI Server (8 × A100 SXM4 40Go);IT equipment;10512;Rack server NO, 2 processor high-end, 4 SSD: 2048 GB each, 0 HDD, 48 RAM, 64 GB each, 8 GPUs Nvidia A100 SXM4 40 GB (Hubblo), electricty consumption based on NegaOctet server with only 1 GPU);;2-Equipement;NegaOctet-20220211 + ACV Hubblo (https://data.hubblo.org/gpu);Datacenter;Item;0.0000685;NULL;NULL
RESOURCE_USE_FOSSILS;END_OF_LIFE;Large Old AI Server (8 × A100 SXM4 40Go);IT equipment;10512;Rack server NO, 2 processor high-end, 4 SSD: 2048 GB each, 0 HDD, 48 RAM, 64 GB each, 8 GPUs Nvidia A100 SXM4 40 GB (Hubblo), electricty consumption based on NegaOctet server with only 1 GPU);;2-Equipement;NegaOctet-20220211 + ACV Hubblo (https://data.hubblo.org/gpu);Datacenter;Item;455;NULL;NULL
ACIDIFICATION;END_OF_LIFE;Large Old AI Server (8 × A100 SXM4 40Go);IT equipment;10512;Rack server NO, 2 processor high-end, 4 SSD: 2048 GB each, 0 HDD, 48 RAM, 64 GB each, 8 GPUs Nvidia A100 SXM4 40 GB (Hubblo), electricty consumption based on NegaOctet server with only 1 GPU);;2-Equipement;NegaOctet-20220211 + ACV Hubblo (https://data.hubblo.org/gpu);Datacenter;Item;0.706;NULL;NULL
EUTROPHICATION_FRESHWATER;END_OF_LIFE;Large Old AI Server (8 × A100 SXM4 40Go);IT equipment;10512;Rack server NO, 2 processor high-end, 4 SSD: 2048 GB each, 0 HDD, 48 RAM, 64 GB each, 8 GPUs Nvidia A100 SXM4 40 GB (Hubblo), electricty consumption based on NegaOctet server with only 1 GPU);;2-Equipement;NegaOctet-20220211 + ACV Hubblo (https://data.hubblo.org/gpu);Datacenter;Item;0.000777;NULL;NULL
EUTROPHICATION_MARINE;END_OF_LIFE;Large Old AI Server (8 × A100 SXM4 40Go);IT equipment;10512;Rack server NO, 2 processor high-end, 4 SSD: 2048 GB each, 0 HDD, 48 RAM, 64 GB each, 8 GPUs Nvidia A100 SXM4 40 GB (Hubblo), electricty consumption based on NegaOctet server with only 1 GPU);;2-Equipement;NegaOctet-20220211 + ACV Hubblo (https://data.hubblo.org/gpu);Datacenter;Item;0.472;NULL;NULL
EUTROPHICATION_TERRESTRIAL;END_OF_LIFE;Large Old AI Server (8 × A100 SXM4 40Go);IT equipment;10512;Rack server NO, 2 processor high-end, 4 SSD: 2048 GB each, 0 HDD, 48 RAM, 64 GB each, 8 GPUs Nvidia A100 SXM4 40 GB (Hubblo), electricty consumption based on NegaOctet server with only 1 GPU);;2-Equipement;NegaOctet-20220211 + ACV Hubblo (https://data.hubblo.org/gpu);Datacenter;Item;0.34;NULL;NULL
CLIMATE_CHANGE;END_OF_LIFE;Large Old AI Server (8 × A100 SXM4 40Go);IT equipment;10512;Rack server NO, 2 processor high-end, 4 SSD: 2048 GB each, 0 HDD, 48 RAM, 64 GB each, 8 GPUs Nvidia A100 SXM4 40 GB (Hubblo), electricty consumption based on NegaOctet server with only 1 GPU);;2-Equipement;NegaOctet-20220211 + ACV Hubblo (https://data.hubblo.org/gpu);Datacenter;Item;35.6;NULL;NULL
IONISING_RADIATION;END_OF_LIFE;Large Old AI Server (8 × A100 SXM4 40Go);IT equipment;10512;Rack server NO, 2 processor high-end, 4 SSD: 2048 GB each, 0 HDD, 48 RAM, 64 GB each, 8 GPUs Nvidia A100 SXM4 40 GB (Hubblo), electricty consumption based on NegaOctet server with only 1 GPU);;2-Equipement;NegaOctet-20220211 + ACV Hubblo (https://data.hubblo.org/gpu);Datacenter;Item;2.93;NULL;NULL
OZONE_DEPLETION;END_OF_LIFE;Large Old AI Server (8 × A100 SXM4 40Go);IT equipment;10512;Rack server NO, 2 processor high-end, 4 SSD: 2048 GB each, 0 HDD, 48 RAM, 64 GB each, 8 GPUs Nvidia A100 SXM4 40 GB (Hubblo), electricty consumption based on NegaOctet server with only 1 GPU);;2-Equipement;NegaOctet-20220211 + ACV Hubblo (https://data.hubblo.org/gpu);Datacenter;Item;0.00000325;NULL;NULL
PARTICULATE_MATTER;END_OF_LIFE;Large Old AI Server (8 × A100 SXM4 40Go);IT equipment;10512;Rack server NO, 2 processor high-end, 4 SSD: 2048 GB each, 0 HDD, 48 RAM, 64 GB each, 8 GPUs Nvidia A100 SXM4 40 GB (Hubblo), electricty consumption based on NegaOctet server with only 1 GPU);;2-Equipement;NegaOctet-20220211 + ACV Hubblo (https://data.hubblo.org/gpu);Datacenter;Item;0.0000021;NULL;NULL
PHOTOCHEMICAL_OZONE_FORMATION;END_OF_LIFE;Large Old AI Server (8 × A100 SXM4 40Go);IT equipment;10512;Rack server NO, 2 processor high-end, 4 SSD: 2048 GB each, 0 HDD, 48 RAM, 64 GB each, 8 GPUs Nvidia A100 SXM4 40 GB (Hubblo), electricty consumption based on NegaOctet server with only 1 GPU);;2-Equipement;NegaOctet-20220211 + ACV Hubblo (https://data.hubblo.org/gpu);Datacenter;Item;0.122;NULL;NULL
WATER_USE;END_OF_LIFE;Large Old AI Server (8 × A100 SXM4 40Go);IT equipment;10512;Rack server NO, 2 processor high-end, 4 SSD: 2048 GB each, 0 HDD, 48 RAM, 64 GB each, 8 GPUs Nvidia A100 SXM4 40 GB (Hubblo), electricty consumption based on NegaOctet server with only 1 GPU);;2-Equipement;NegaOctet-20220211 + ACV Hubblo (https://data.hubblo.org/gpu);Datacenter;Item;14900;NULL;NULL
RESOURCE_USE;MANUFACTURING;Large Recent AI Server (8 × H100 PCIe 40Go);IT equipment;10512;Rack server NO, 2 processor high-end, 4 SSD: 2048 GB each, 0 HDD, 48 RAM, 64 GB each, 8 GPUs Nvidia H100 PCIe 80 GB (Hubblo), electricty consumption based on NegaOctet server with only 1 GPU);;2-Equipement;NegaOctet-20220211 + ACV Hubblo (https://data.hubblo.org/gpu);Datacenter;Item;0.156;NULL;NULL
RESOURCE_USE_FOSSILS;MANUFACTURING;Large Recent AI Server (8 × H100 PCIe 40Go);IT equipment;10512;Rack server NO, 2 processor high-end, 4 SSD: 2048 GB each, 0 HDD, 48 RAM, 64 GB each, 8 GPUs Nvidia H100 PCIe 80 GB (Hubblo), electricty consumption based on NegaOctet server with only 1 GPU);;2-Equipement;NegaOctet-20220211 + ACV Hubblo (https://data.hubblo.org/gpu);Datacenter;Item;133000;NULL;NULL
ACIDIFICATION;MANUFACTURING;Large Recent AI Server (8 × H100 PCIe 40Go);IT equipment;10512;Rack server NO, 2 processor high-end, 4 SSD: 2048 GB each, 0 HDD, 48 RAM, 64 GB each, 8 GPUs Nvidia H100 PCIe 80 GB (Hubblo), electricty consumption based on NegaOctet server with only 1 GPU);;2-Equipement;NegaOctet-20220211 + ACV Hubblo (https://data.hubblo.org/gpu);Datacenter;Item;57.3;NULL;NULL
EUTROPHICATION_FRESHWATER;MANUFACTURING;Large Recent AI Server (8 × H100 PCIe 40Go);IT equipment;10512;Rack server NO, 2 processor high-end, 4 SSD: 2048 GB each, 0 HDD, 48 RAM, 64 GB each, 8 GPUs Nvidia H100 PCIe 80 GB (Hubblo), electricty consumption based on NegaOctet server with only 1 GPU);;2-Equipement;NegaOctet-20220211 + ACV Hubblo (https://data.hubblo.org/gpu);Datacenter;Item;0.0416;NULL;NULL
EUTROPHICATION_MARINE;MANUFACTURING;Large Recent AI Server (8 × H100 PCIe 40Go);IT equipment;10512;Rack server NO, 2 processor high-end, 4 SSD: 2048 GB each, 0 HDD, 48 RAM, 64 GB each, 8 GPUs Nvidia H100 PCIe 80 GB (Hubblo), electricty consumption based on NegaOctet server with only 1 GPU);;2-Equipement;NegaOctet-20220211 + ACV Hubblo (https://data.hubblo.org/gpu);Datacenter;Item;6.64;NULL;NULL
EUTROPHICATION_TERRESTRIAL;MANUFACTURING;Large Recent AI Server (8 × H100 PCIe 40Go);IT equipment;10512;Rack server NO, 2 processor high-end, 4 SSD: 2048 GB each, 0 HDD, 48 RAM, 64 GB each, 8 GPUs Nvidia H100 PCIe 80 GB (Hubblo), electricty consumption based on NegaOctet server with only 1 GPU);;2-Equipement;NegaOctet-20220211 + ACV Hubblo (https://data.hubblo.org/gpu);Datacenter;Item;69.4;NULL;NULL
CLIMATE_CHANGE;MANUFACTURING;Large Recent AI Server (8 × H100 PCIe 40Go);IT equipment;10512;Rack server NO, 2 processor high-end, 4 SSD: 2048 GB each, 0 HDD, 48 RAM, 64 GB each, 8 GPUs Nvidia H100 PCIe 80 GB (Hubblo), electricty consumption based on NegaOctet server with only 1 GPU);;2-Equipement;NegaOctet-20220211 + ACV Hubblo (https://data.hubblo.org/gpu);Datacenter;Item;9920;NULL;NULL
IONISING_RADIATION;MANUFACTURING;Large Recent AI Server (8 × H100 PCIe 40Go);IT equipment;10512;Rack server NO, 2 processor high-end, 4 SSD: 2048 GB each, 0 HDD, 48 RAM, 64 GB each, 8 GPUs Nvidia H100 PCIe 80 GB (Hubblo), electricty consumption based on NegaOctet server with only 1 GPU);;2-Equipement;NegaOctet-20220211 + ACV Hubblo (https://data.hubblo.org/gpu);Datacenter;Item;5660;NULL;NULL
OZONE_DEPLETION;MANUFACTURING;Large Recent AI Server (8 × H100 PCIe 40Go);IT equipment;10512;Rack server NO, 2 processor high-end, 4 SSD: 2048 GB each, 0 HDD, 48 RAM, 64 GB each, 8 GPUs Nvidia H100 PCIe 80 GB (Hubblo), electricty consumption based on NegaOctet server with only 1 GPU);;2-Equipement;NegaOctet-20220211 + ACV Hubblo (https://data.hubblo.org/gpu);Datacenter;Item;0.00408;NULL;NULL
PARTICULATE_MATTER;MANUFACTURING;Large Recent AI Server (8 × H100 PCIe 40Go);IT equipment;10512;Rack server NO, 2 processor high-end, 4 SSD: 2048 GB each, 0 HDD, 48 RAM, 64 GB each, 8 GPUs Nvidia H100 PCIe 80 GB (Hubblo), electricty consumption based on NegaOctet server with only 1 GPU);;2-Equipement;NegaOctet-20220211 + ACV Hubblo (https://data.hubblo.org/gpu);Datacenter;Item;0.000319;NULL;NULL
PHOTOCHEMICAL_OZONE_FORMATION;MANUFACTURING;Large Recent AI Server (8 × H100 PCIe 40Go);IT equipment;10512;Rack server NO, 2 processor high-end, 4 SSD: 2048 GB each, 0 HDD, 48 RAM, 64 GB each, 8 GPUs Nvidia H100 PCIe 80 GB (Hubblo), electricty consumption based on NegaOctet server with only 1 GPU);;2-Equipement;NegaOctet-20220211 + ACV Hubblo (https://data.hubblo.org/gpu);Datacenter;Item;22;NULL;NULL
WATER_USE;MANUFACTURING;Large Recent AI Server (8 × H100 PCIe 40Go);IT equipment;10512;Rack server NO, 2 processor high-end, 4 SSD: 2048 GB each, 0 HDD, 48 RAM, 64 GB each, 8 GPUs Nvidia H100 PCIe 80 GB (Hubblo), electricty consumption based on NegaOctet server with only 1 GPU);;2-Equipement;NegaOctet-20220211 + ACV Hubblo (https://data.hubblo.org/gpu);Datacenter;Item;4290;NULL;NULL
RESOURCE_USE;TRANSPORTATION;Large Recent AI Server (8 × H100 PCIe 40Go);IT equipment;10512;Rack server NO, 2 processor high-end, 4 SSD: 2048 GB each, 0 HDD, 48 RAM, 64 GB each, 8 GPUs Nvidia H100 PCIe 80 GB (Hubblo), electricty consumption based on NegaOctet server with only 1 GPU);;2-Equipement;NegaOctet-20220211 + ACV Hubblo (https://data.hubblo.org/gpu);Datacenter;Item;0.00000909;NULL;NULL
RESOURCE_USE_FOSSILS;TRANSPORTATION;Large Recent AI Server (8 × H100 PCIe 40Go);IT equipment;10512;Rack server NO, 2 processor high-end, 4 SSD: 2048 GB each, 0 HDD, 48 RAM, 64 GB each, 8 GPUs Nvidia H100 PCIe 80 GB (Hubblo), electricty consumption based on NegaOctet server with only 1 GPU);;2-Equipement;NegaOctet-20220211 + ACV Hubblo (https://data.hubblo.org/gpu);Datacenter;Item;5280;NULL;NULL
ACIDIFICATION;TRANSPORTATION;Large Recent AI Server (8 × H100 PCIe 40Go);IT equipment;10512;Rack server NO, 2 processor high-end, 4 SSD: 2048 GB each, 0 HDD, 48 RAM, 64 GB each, 8 GPUs Nvidia H100 PCIe 80 GB (Hubblo), electricty consumption based on NegaOctet server with only 1 GPU);;2-Equipement;NegaOctet-20220211 + ACV Hubblo (https://data.hubblo.org/gpu);Datacenter;Item;1.5;NULL;NULL
EUTROPHICATION_FRESHWATER;TRANSPORTATION;Large Recent AI Server (8 × H100 PCIe 40Go);IT equipment;10512;Rack server NO, 2 processor high-end, 4 SSD: 2048 GB each, 0 HDD, 48 RAM, 64 GB each, 8 GPUs Nvidia H100 PCIe 80 GB (Hubblo), electricty consumption based on NegaOctet server with only 1 GPU);;2-Equipement;NegaOctet-20220211 + ACV Hubblo (https://data.hubblo.org/gpu);Datacenter;Item;0.000124;NULL;NULL
EUTROPHICATION_MARINE;TRANSPORTATION;Large Recent AI Server (8 × H100 PCIe 40Go);IT equipment;10512;Rack server NO, 2 processor high-end, 4 SSD: 2048 GB each, 0 HDD, 48 RAM, 64 GB each, 8 GPUs Nvidia H100 PCIe 80 GB (Hubblo), electricty consumption based on NegaOctet server with only 1 GPU);;2-Equipement;NegaOctet-20220211 + ACV Hubblo (https://data.hubblo.org/gpu);Datacenter;Item;0.706;NULL;NULL
EUTROPHICATION_TERRESTRIAL;TRANSPORTATION;Large Recent AI Server (8 × H100 PCIe 40Go);IT equipment;10512;Rack server NO, 2 processor high-end, 4 SSD: 2048 GB each, 0 HDD, 48 RAM, 64 GB each, 8 GPUs Nvidia H100 PCIe 80 GB (Hubblo), electricty consumption based on NegaOctet server with only 1 GPU);;2-Equipement;NegaOctet-20220211 + ACV Hubblo (https://data.hubblo.org/gpu);Datacenter;Item;7.28;NULL;NULL
CLIMATE_CHANGE;TRANSPORTATION;Large Recent AI Server (8 × H100 PCIe 40Go);IT equipment;10512;Rack server NO, 2 processor high-end, 4 SSD: 2048 GB each, 0 HDD, 48 RAM, 64 GB each, 8 GPUs Nvidia H100 PCIe 80 GB (Hubblo), electricty consumption based on NegaOctet server with only 1 GPU);;2-Equipement;NegaOctet-20220211 + ACV Hubblo (https://data.hubblo.org/gpu);Datacenter;Item;354;NULL;NULL
IONISING_RADIATION;TRANSPORTATION;Large Recent AI Server (8 × H100 PCIe 40Go);IT equipment;10512;Rack server NO, 2 processor high-end, 4 SSD: 2048 GB each, 0 HDD, 48 RAM, 64 GB each, 8 GPUs Nvidia H100 PCIe 80 GB (Hubblo), electricty consumption based on NegaOctet server with only 1 GPU);;2-Equipement;NegaOctet-20220211 + ACV Hubblo (https://data.hubblo.org/gpu);Datacenter;Item;2.18;NULL;NULL
OZONE_DEPLETION;TRANSPORTATION;Large Recent AI Server (8 × H100 PCIe 40Go);IT equipment;10512;Rack server NO, 2 processor high-end, 4 SSD: 2048 GB each, 0 HDD, 48 RAM, 64 GB each, 8 GPUs Nvidia H100 PCIe 80 GB (Hubblo), electricty consumption based on NegaOctet server with only 1 GPU);;2-Equipement;NegaOctet-20220211 + ACV Hubblo (https://data.hubblo.org/gpu);Datacenter;Item;0.000001;NULL;NULL
PARTICULATE_MATTER;TRANSPORTATION;Large Recent AI Server (8 × H100 PCIe 40Go);IT equipment;10512;Rack server NO, 2 processor high-end, 4 SSD: 2048 GB each, 0 HDD, 48 RAM, 64 GB each, 8 GPUs Nvidia H100 PCIe 80 GB (Hubblo), electricty consumption based on NegaOctet server with only 1 GPU);;2-Equipement;NegaOctet-20220211 + ACV Hubblo (https://data.hubblo.org/gpu);Datacenter;Item;0.00000982;NULL;NULL
PHOTOCHEMICAL_OZONE_FORMATION;TRANSPORTATION;Large Recent AI Server (8 × H100 PCIe 40Go);IT equipment;10512;Rack server NO, 2 processor high-end, 4 SSD: 2048 GB each, 0 HDD, 48 RAM, 64 GB each, 8 GPUs Nvidia H100 PCIe 80 GB (Hubblo), electricty consumption based on NegaOctet server with only 1 GPU);;2-Equipement;NegaOctet-20220211 + ACV Hubblo (https://data.hubblo.org/gpu);Datacenter;Item;1.9;NULL;NULL
WATER_USE;TRANSPORTATION;Large Recent AI Server (8 × H100 PCIe 40Go);IT equipment;10512;Rack server NO, 2 processor high-end, 4 SSD: 2048 GB each, 0 HDD, 48 RAM, 64 GB each, 8 GPUs Nvidia H100 PCIe 80 GB (Hubblo), electricty consumption based on NegaOctet server with only 1 GPU);;2-Equipement;NegaOctet-20220211 + ACV Hubblo (https://data.hubblo.org/gpu);Datacenter;Item;1.8;NULL;NULL
RESOURCE_USE;USING;Large Recent AI Server (8 × H100 PCIe 40Go);IT equipment;10512;Rack server NO, 2 processor high-end, 4 SSD: 2048 GB each, 0 HDD, 48 RAM, 64 GB each, 8 GPUs Nvidia H100 PCIe 80 GB (Hubblo), electricty consumption based on NegaOctet server with only 1 GPU);;2-Equipement;NegaOctet-20220211 + ACV Hubblo (https://data.hubblo.org/gpu);Datacenter;Item;0;NULL;NULL
RESOURCE_USE_FOSSILS;USING;Large Recent AI Server (8 × H100 PCIe 40Go);IT equipment;10512;Rack server NO, 2 processor high-end, 4 SSD: 2048 GB each, 0 HDD, 48 RAM, 64 GB each, 8 GPUs Nvidia H100 PCIe 80 GB (Hubblo), electricty consumption based on NegaOctet server with only 1 GPU);;2-Equipement;NegaOctet-20220211 + ACV Hubblo (https://data.hubblo.org/gpu);Datacenter;Item;0;NULL;NULL
ACIDIFICATION;USING;Large Recent AI Server (8 × H100 PCIe 40Go);IT equipment;10512;Rack server NO, 2 processor high-end, 4 SSD: 2048 GB each, 0 HDD, 48 RAM, 64 GB each, 8 GPUs Nvidia H100 PCIe 80 GB (Hubblo), electricty consumption based on NegaOctet server with only 1 GPU);;2-Equipement;NegaOctet-20220211 + ACV Hubblo (https://data.hubblo.org/gpu);Datacenter;Item;0;NULL;NULL
EUTROPHICATION_FRESHWATER;USING;Large Recent AI Server (8 × H100 PCIe 40Go);IT equipment;10512;Rack server NO, 2 processor high-end, 4 SSD: 2048 GB each, 0 HDD, 48 RAM, 64 GB each, 8 GPUs Nvidia H100 PCIe 80 GB (Hubblo), electricty consumption based on NegaOctet server with only 1 GPU);;2-Equipement;NegaOctet-20220211 + ACV Hubblo (https://data.hubblo.org/gpu);Datacenter;Item;0;NULL;NULL
EUTROPHICATION_MARINE;USING;Large Recent AI Server (8 × H100 PCIe 40Go);IT equipment;10512;Rack server NO, 2 processor high-end, 4 SSD: 2048 GB each, 0 HDD, 48 RAM, 64 GB each, 8 GPUs Nvidia H100 PCIe 80 GB (Hubblo), electricty consumption based on NegaOctet server with only 1 GPU);;2-Equipement;NegaOctet-20220211 + ACV Hubblo (https://data.hubblo.org/gpu);Datacenter;Item;0;NULL;NULL
EUTROPHICATION_TERRESTRIAL;USING;Large Recent AI Server (8 × H100 PCIe 40Go);IT equipment;10512;Rack server NO, 2 processor high-end, 4 SSD: 2048 GB each, 0 HDD, 48 RAM, 64 GB each, 8 GPUs Nvidia H100 PCIe 80 GB (Hubblo), electricty consumption based on NegaOctet server with only 1 GPU);;2-Equipement;NegaOctet-20220211 + ACV Hubblo (https://data.hubblo.org/gpu);Datacenter;Item;0;NULL;NULL
CLIMATE_CHANGE;USING;Large Recent AI Server (8 × H100 PCIe 40Go);IT equipment;10512;Rack server NO, 2 processor high-end, 4 SSD: 2048 GB each, 0 HDD, 48 RAM, 64 GB each, 8 GPUs Nvidia H100 PCIe 80 GB (Hubblo), electricty consumption based on NegaOctet server with only 1 GPU);;2-Equipement;NegaOctet-20220211 + ACV Hubblo (https://data.hubblo.org/gpu);Datacenter;Item;0;NULL;NULL
IONISING_RADIATION;USING;Large Recent AI Server (8 × H100 PCIe 40Go);IT equipment;10512;Rack server NO, 2 processor high-end, 4 SSD: 2048 GB each, 0 HDD, 48 RAM, 64 GB each, 8 GPUs Nvidia H100 PCIe 80 GB (Hubblo), electricty consumption based on NegaOctet server with only 1 GPU);;2-Equipement;NegaOctet-20220211 + ACV Hubblo (https://data.hubblo.org/gpu);Datacenter;Item;0;NULL;NULL
OZONE_DEPLETION;USING;Large Recent AI Server (8 × H100 PCIe 40Go);IT equipment;10512;Rack server NO, 2 processor high-end, 4 SSD: 2048 GB each, 0 HDD, 48 RAM, 64 GB each, 8 GPUs Nvidia H100 PCIe 80 GB (Hubblo), electricty consumption based on NegaOctet server with only 1 GPU);;2-Equipement;NegaOctet-20220211 + ACV Hubblo (https://data.hubblo.org/gpu);Datacenter;Item;0;NULL;NULL
PARTICULATE_MATTER;USING;Large Recent AI Server (8 × H100 PCIe 40Go);IT equipment;10512;Rack server NO, 2 processor high-end, 4 SSD: 2048 GB each, 0 HDD, 48 RAM, 64 GB each, 8 GPUs Nvidia H100 PCIe 80 GB (Hubblo), electricty consumption based on NegaOctet server with only 1 GPU);;2-Equipement;NegaOctet-20220211 + ACV Hubblo (https://data.hubblo.org/gpu);Datacenter;Item;0;NULL;NULL
PHOTOCHEMICAL_OZONE_FORMATION;USING;Large Recent AI Server (8 × H100 PCIe 40Go);IT equipment;10512;Rack server NO, 2 processor high-end, 4 SSD: 2048 GB each, 0 HDD, 48 RAM, 64 GB each, 8 GPUs Nvidia H100 PCIe 80 GB (Hubblo), electricty consumption based on NegaOctet server with only 1 GPU);;2-Equipement;NegaOctet-20220211 + ACV Hubblo (https://data.hubblo.org/gpu);Datacenter;Item;0;NULL;NULL
WATER_USE;USING;Large Recent AI Server (8 × H100 PCIe 40Go);IT equipment;10512;Rack server NO, 2 processor high-end, 4 SSD: 2048 GB each, 0 HDD, 48 RAM, 64 GB each, 8 GPUs Nvidia H100 PCIe 80 GB (Hubblo), electricty consumption based on NegaOctet server with only 1 GPU);;2-Equipement;NegaOctet-20220211 + ACV Hubblo (https://data.hubblo.org/gpu);Datacenter;Item;0;NULL;NULL
RESOURCE_USE;END_OF_LIFE;Large Recent AI Server (8 × H100 PCIe 40Go);IT equipment;10512;Rack server NO, 2 processor high-end, 4 SSD: 2048 GB each, 0 HDD, 48 RAM, 64 GB each, 8 GPUs Nvidia H100 PCIe 80 GB (Hubblo), electricty consumption based on NegaOctet server with only 1 GPU);;2-Equipement;NegaOctet-20220211 + ACV Hubblo (https://data.hubblo.org/gpu);Datacenter;Item;0.000072;NULL;NULL
RESOURCE_USE_FOSSILS;END_OF_LIFE;Large Recent AI Server (8 × H100 PCIe 40Go);IT equipment;10512;Rack server NO, 2 processor high-end, 4 SSD: 2048 GB each, 0 HDD, 48 RAM, 64 GB each, 8 GPUs Nvidia H100 PCIe 80 GB (Hubblo), electricty consumption based on NegaOctet server with only 1 GPU);;2-Equipement;NegaOctet-20220211 + ACV Hubblo (https://data.hubblo.org/gpu);Datacenter;Item;475;NULL;NULL
ACIDIFICATION;END_OF_LIFE;Large Recent AI Server (8 × H100 PCIe 40Go);IT equipment;10512;Rack server NO, 2 processor high-end, 4 SSD: 2048 GB each, 0 HDD, 48 RAM, 64 GB each, 8 GPUs Nvidia H100 PCIe 80 GB (Hubblo), electricty consumption based on NegaOctet server with only 1 GPU);;2-Equipement;NegaOctet-20220211 + ACV Hubblo (https://data.hubblo.org/gpu);Datacenter;Item;0.739;NULL;NULL
EUTROPHICATION_FRESHWATER;END_OF_LIFE;Large Recent AI Server (8 × H100 PCIe 40Go);IT equipment;10512;Rack server NO, 2 processor high-end, 4 SSD: 2048 GB each, 0 HDD, 48 RAM, 64 GB each, 8 GPUs Nvidia H100 PCIe 80 GB (Hubblo), electricty consumption based on NegaOctet server with only 1 GPU);;2-Equipement;NegaOctet-20220211 + ACV Hubblo (https://data.hubblo.org/gpu);Datacenter;Item;0.000809;NULL;NULL
EUTROPHICATION_MARINE;END_OF_LIFE;Large Recent AI Server (8 × H100 PCIe 40Go);IT equipment;10512;Rack server NO, 2 processor high-end, 4 SSD: 2048 GB each, 0 HDD, 48 RAM, 64 GB each, 8 GPUs Nvidia H100 PCIe 80 GB (Hubblo), electricty consumption based on NegaOctet server with only 1 GPU);;2-Equipement;NegaOctet-20220211 + ACV Hubblo (https://data.hubblo.org/gpu);Datacenter;Item;0.494;NULL;NULL
EUTROPHICATION_TERRESTRIAL;END_OF_LIFE;Large Recent AI Server (8 × H100 PCIe 40Go);IT equipment;10512;Rack server NO, 2 processor high-end, 4 SSD: 2048 GB each, 0 HDD, 48 RAM, 64 GB each, 8 GPUs Nvidia H100 PCIe 80 GB (Hubblo), electricty consumption based on NegaOctet server with only 1 GPU);;2-Equipement;NegaOctet-20220211 + ACV Hubblo (https://data.hubblo.org/gpu);Datacenter;Item;0.356;NULL;NULL
CLIMATE_CHANGE;END_OF_LIFE;Large Recent AI Server (8 × H100 PCIe 40Go);IT equipment;10512;Rack server NO, 2 processor high-end, 4 SSD: 2048 GB each, 0 HDD, 48 RAM, 64 GB each, 8 GPUs Nvidia H100 PCIe 80 GB (Hubblo), electricty consumption based on NegaOctet server with only 1 GPU);;2-Equipement;NegaOctet-20220211 + ACV Hubblo (https://data.hubblo.org/gpu);Datacenter;Item;37.2;NULL;NULL
IONISING_RADIATION;END_OF_LIFE;Large Recent AI Server (8 × H100 PCIe 40Go);IT equipment;10512;Rack server NO, 2 processor high-end, 4 SSD: 2048 GB each, 0 HDD, 48 RAM, 64 GB each, 8 GPUs Nvidia H100 PCIe 80 GB (Hubblo), electricty consumption based on NegaOctet server with only 1 GPU);;2-Equipement;NegaOctet-20220211 + ACV Hubblo (https://data.hubblo.org/gpu);Datacenter;Item;3.06;NULL;NULL
OZONE_DEPLETION;END_OF_LIFE;Large Recent AI Server (8 × H100 PCIe 40Go);IT equipment;10512;Rack server NO, 2 processor high-end, 4 SSD: 2048 GB each, 0 HDD, 48 RAM, 64 GB each, 8 GPUs Nvidia H100 PCIe 80 GB (Hubblo), electricty consumption based on NegaOctet server with only 1 GPU);;2-Equipement;NegaOctet-20220211 + ACV Hubblo (https://data.hubblo.org/gpu);Datacenter;Item;0.00000338;NULL;NULL
PARTICULATE_MATTER;END_OF_LIFE;Large Recent AI Server (8 × H100 PCIe 40Go);IT equipment;10512;Rack server NO, 2 processor high-end, 4 SSD: 2048 GB each, 0 HDD, 48 RAM, 64 GB each, 8 GPUs Nvidia H100 PCIe 80 GB (Hubblo), electricty consumption based on NegaOctet server with only 1 GPU);;2-Equipement;NegaOctet-20220211 + ACV Hubblo (https://data.hubblo.org/gpu);Datacenter;Item;0.0000022;NULL;NULL
PHOTOCHEMICAL_OZONE_FORMATION;END_OF_LIFE;Large Recent AI Server (8 × H100 PCIe 40Go);IT equipment;10512;Rack server NO, 2 processor high-end, 4 SSD: 2048 GB each, 0 HDD, 48 RAM, 64 GB each, 8 GPUs Nvidia H100 PCIe 80 GB (Hubblo), electricty consumption based on NegaOctet server with only 1 GPU);;2-Equipement;NegaOctet-20220211 + ACV Hubblo (https://data.hubblo.org/gpu);Datacenter;Item;0.128;NULL;NULL
WATER_USE;END_OF_LIFE;Large Recent AI Server (8 × H100 PCIe 40Go);IT equipment;10512;Rack server NO, 2 processor high-end, 4 SSD: 2048 GB each, 0 HDD, 48 RAM, 64 GB each, 8 GPUs Nvidia H100 PCIe 80 GB (Hubblo), electricty consumption based on NegaOctet server with only 1 GPU);;2-Equipement;NegaOctet-20220211 + ACV Hubblo (https://data.hubblo.org/gpu);Datacenter;Item;15600;NULL;NULL